key,deviceID,date,sceneName,currentGame,timeElapsed,upgradeAmount,speedUpgrade,infectionRateUpgrade,infectionRadiusUpgrade,UpgradeSystemExpandedOrCollapsed,UpgradeSystemInteractions,InfectionPercentage,BTesting
my_unique_key,f2906b7eb58ff68a14ca7cd878f89ca3,,,1,15.016925811767578,0,0,0,,,,,
my_unique_key,f2906b7eb58ff68a14ca7cd878f89ca3,,,1,30.04804229736328,0,0,0,,,,,
my_unique_key,f2906b7eb58ff68a14ca7cd878f89ca3,,,1,38.179832458496094,1,0,1,,,,,
my_unique_key,f2906b7eb58ff68a14ca7cd878f89ca3,,,1,38.413055419921875,2,0,2,,,,,
my_unique_key,f2906b7eb58ff68a14ca7cd878f89ca3,,,1,45.07865524291992,2,0,2,,,,,
my_unique_key,f2906b7eb58ff68a14ca7cd878f89ca3,,,1,53.34389877319336,2,0,2,,,,,
my_unique_key,f2906b7eb58ff68a14ca7cd878f89ca3,,,1,10.651660919189453,1,1,0,,,,,
my_unique_key,f2906b7eb58ff68a14ca7cd878f89ca3,,,1,15.01744556427002,1,1,0,,,,,
my_unique_key,f2906b7eb58ff68a14ca7cd878f89ca3,,,1,27.082176208496094,2,1,1,,,,,
my_unique_key,f2906b7eb58ff68a14ca7cd878f89ca3,,,1,30.048179626464844,2,1,1,,,,,
my_unique_key,f2906b7eb58ff68a14ca7cd878f89ca3,,,1,37.17998504638672,2,1,1,,,,,
my_unique_key,f2906b7eb58ff68a14ca7cd878f89ca3,,,1,15.017424583435059,0,0,0,,,,,
my_unique_key,f2906b7eb58ff68a14ca7cd878f89ca3,,,1,21.68292808532715,0,0,0,,,,,
my_unique_key,f2906b7eb58ff68a14ca7cd878f89ca3,,,2,15.017827987670898,0,0,0,,,,,
my_unique_key,f2906b7eb58ff68a14ca7cd878f89ca3,,,2,30.03275489807129,0,0,0,,,,,
my_unique_key,f2906b7eb58ff68a14ca7cd878f89ca3,,,2,32.932559967041016,1,0,1,,,,,
my_unique_key,f2906b7eb58ff68a14ca7cd878f89ca3,,,2,33.1328125,2,0,2,,,,,
my_unique_key,f2906b7eb58ff68a14ca7cd878f89ca3,,,2,45.06362533569336,2,0,2,,,,,
my_unique_key,f2906b7eb58ff68a14ca7cd878f89ca3,,,2,60.0942497253418,2,0,2,,,,,
my_unique_key,f2906b7eb58ff68a14ca7cd878f89ca3,,,2,75.12579345703125,2,0,2,,,,,
my_unique_key,f2906b7eb58ff68a14ca7cd878f89ca3,,,2,90.15680694580078,2,0,2,,,,,
my_unique_key,f2906b7eb58ff68a14ca7cd878f89ca3,,,2,105.18744659423828,2,0,2,,,,,
my_unique_key,f2906b7eb58ff68a14ca7cd878f89ca3,,,2,114.45223999023438,2,0,2,,,,,
my_unique_key,0a6d21d64faca3cabf6cf200d9b344ff393b3186,,,1,2.979084014892578,1,0,1,,,,,
my_unique_key,0a6d21d64faca3cabf6cf200d9b344ff393b3186,,,1,15.000527381896973,1,0,1,,,,,
my_unique_key,0a6d21d64faca3cabf6cf200d9b344ff393b3186,,,1,30.000654220581055,1,0,1,,,,,
my_unique_key,0a6d21d64faca3cabf6cf200d9b344ff393b3186,,,1,45.00122833251953,1,0,1,,,,,
my_unique_key,0a6d21d64faca3cabf6cf200d9b344ff393b3186,,,1,15.000682830810547,0,0,0,,,,,
my_unique_key,0a6d21d64faca3cabf6cf200d9b344ff393b3186,,,1,30.001779556274414,0,0,0,,,,,
my_unique_key,0a6d21d64faca3cabf6cf200d9b344ff393b3186,,,1,45.00316619873047,0,0,0,,,,,
my_unique_key,0a6d21d64faca3cabf6cf200d9b344ff393b3186,,,1,60.00361251831055,0,0,0,,,,,
my_unique_key,0a6d21d64faca3cabf6cf200d9b344ff393b3186,,,1,15.000848770141602,0,0,0,,,,,
my_unique_key,0a6d21d64faca3cabf6cf200d9b344ff393b3186,,,1,15.000787734985352,1,0,0,,,,,
my_unique_key,0a6d21d64faca3cabf6cf200d9b344ff393b3186,,,1,30.001548767089844,2,0,0,,,,,
my_unique_key,0a6d21d64faca3cabf6cf200d9b344ff393b3186,,,1,45.002418518066406,3,0,0,,,,,
my_unique_key,0a6d21d64faca3cabf6cf200d9b344ff393b3186,,,1,60.002742767333984,3,0,0,,,,,
my_unique_key,0a6d21d64faca3cabf6cf200d9b344ff393b3186,,,1,75.00262451171875,3,0,0,,,,,
my_unique_key,0a6d21d64faca3cabf6cf200d9b344ff393b3186,,,1,90.00274658203125,4,0,0,,,,,
my_unique_key,0a6d21d64faca3cabf6cf200d9b344ff393b3186,,,1,15.001036643981934,0,0,0,,,,,
my_unique_key,0a6d21d64faca3cabf6cf200d9b344ff393b3186,,,1,30.002010345458984,0,0,0,,,,,
my_unique_key,0a6d21d64faca3cabf6cf200d9b344ff393b3186,,,1,45.00227355957031,0,0,0,,,,,
my_unique_key,0a6d21d64faca3cabf6cf200d9b344ff393b3186,,,1,60.00234603881836,0,0,0,,,,,
my_unique_key,0a6d21d64faca3cabf6cf200d9b344ff393b3186,,,1,75.00289154052734,0,0,0,,,,,
my_unique_key,0a6d21d64faca3cabf6cf200d9b344ff393b3186,,,1,90.00296020507812,0,0,0,,,,,
my_unique_key,0a6d21d64faca3cabf6cf200d9b344ff393b3186,,,1,105.00364685058594,0,0,0,,,,,
my_unique_key,0a6d21d64faca3cabf6cf200d9b344ff393b3186,,,1,15.000702857971191,0,0,0,,,,,
my_unique_key,0a6d21d64faca3cabf6cf200d9b344ff393b3186,,,1,30.0007381439209,2,0,0,,,,,
my_unique_key,0a6d21d64faca3cabf6cf200d9b344ff393b3186,,,1,15.000829696655273,0,0,0,,,,,
my_unique_key,0a6d21d64faca3cabf6cf200d9b344ff393b3186,,,1,15.00055980682373,1,0,0,,,,,
my_unique_key,0a6d21d64faca3cabf6cf200d9b344ff393b3186,,,1,3.461481809616089,1,1,0,,,,,
my_unique_key,0a6d21d64faca3cabf6cf200d9b344ff393b3186,,,1,0.9223384857177734,1,1,0,,,,,
my_unique_key,9e6083c21356ca1adb20e2f8875f3f16d06c8748,,,0,2.7059643268585205,1,1,0,,,,,
my_unique_key,9e6083c21356ca1adb20e2f8875f3f16d06c8748,,,0,15.00046157836914,1,1,0,,,,,
my_unique_key,9e6083c21356ca1adb20e2f8875f3f16d06c8748,,,0,30.001373291015625,1,1,0,,,,,
my_unique_key,9e6083c21356ca1adb20e2f8875f3f16d06c8748,,,0,45.00182342529297,1,1,0,,,,,
my_unique_key,9e6083c21356ca1adb20e2f8875f3f16d06c8748,,,0,60.0020751953125,1,1,0,,,,,
my_unique_key,9e6083c21356ca1adb20e2f8875f3f16d06c8748,,,1,3.222172498703003,1,0,1,,,,,
my_unique_key,9e6083c21356ca1adb20e2f8875f3f16d06c8748,,,0,15.000683784484863,0,0,0,,,,,
my_unique_key,f2906b7eb58ff68a14ca7cd878f89ca3,,,1,15.017642974853516,0,0,0,,,,,
my_unique_key,f2906b7eb58ff68a14ca7cd878f89ca3,,,1,21.482839584350586,0,0,0,,,,,
my_unique_key,f2906b7eb58ff68a14ca7cd878f89ca3,,,2,15.017952919006348,0,0,0,,,,,
my_unique_key,f2906b7eb58ff68a14ca7cd878f89ca3,,,2,30.048686981201172,0,0,0,,,,,
my_unique_key,f2906b7eb58ff68a14ca7cd878f89ca3,,,2,45.079769134521484,0,0,0,,,,,
my_unique_key,f2906b7eb58ff68a14ca7cd878f89ca3,,,2,60.094032287597656,0,0,0,,,,,
my_unique_key,f2906b7eb58ff68a14ca7cd878f89ca3,,,2,63.160072326660156,1,0,1,,,,,
my_unique_key,f2906b7eb58ff68a14ca7cd878f89ca3,,,2,65.39312744140625,2,0,2,,,,,
my_unique_key,f2906b7eb58ff68a14ca7cd878f89ca3,,,2,75.12393951416016,2,0,2,,,,,
my_unique_key,f2906b7eb58ff68a14ca7cd878f89ca3,,,2,90.15406799316406,2,0,2,,,,,
my_unique_key,f2906b7eb58ff68a14ca7cd878f89ca3,,,2,105.184814453125,2,0,2,,,,,
my_unique_key,f2906b7eb58ff68a14ca7cd878f89ca3,,,2,120.21595001220703,2,0,2,,,,,
my_unique_key,f2906b7eb58ff68a14ca7cd878f89ca3,,,2,135.24688720703125,2,0,2,,,,,
my_unique_key,f2906b7eb58ff68a14ca7cd878f89ca3,,,2,150.27818298339844,2,0,2,,,,,
my_unique_key,f2906b7eb58ff68a14ca7cd878f89ca3,,,2,164.80909729003906,3,1,2,,,,,
my_unique_key,f2906b7eb58ff68a14ca7cd878f89ca3,,,2,165.30923461914062,3,1,2,,,,,
my_unique_key,f2906b7eb58ff68a14ca7cd878f89ca3,,,2,165.44244384765625,4,2,2,,,,,
my_unique_key,f2906b7eb58ff68a14ca7cd878f89ca3,,,2,176.67332458496094,5,2,3,,,,,
my_unique_key,f2906b7eb58ff68a14ca7cd878f89ca3,,,2,180.33949279785156,5,2,3,,,,,
my_unique_key,f2906b7eb58ff68a14ca7cd878f89ca3,,,2,195.37046813964844,5,2,3,,,,,
my_unique_key,f2906b7eb58ff68a14ca7cd878f89ca3,,,2,210.40208435058594,5,2,3,,,,,
my_unique_key,f2906b7eb58ff68a14ca7cd878f89ca3,,,2,225.43235778808594,5,2,3,,,,,
my_unique_key,f2906b7eb58ff68a14ca7cd878f89ca3,,,2,240.4629669189453,5,2,3,,,,,
my_unique_key,f2906b7eb58ff68a14ca7cd878f89ca3,,,2,255.493896484375,5,2,3,,,,,
my_unique_key,f2906b7eb58ff68a14ca7cd878f89ca3,,,2,270.52520751953125,5,2,3,,,,,
my_unique_key,f2906b7eb58ff68a14ca7cd878f89ca3,,,2,285.55621337890625,5,2,3,,,,,
my_unique_key,f2906b7eb58ff68a14ca7cd878f89ca3,,,2,300.5872497558594,5,2,3,,,,,
my_unique_key,f2906b7eb58ff68a14ca7cd878f89ca3,,,2,315.6171569824219,5,2,3,,,,,
my_unique_key,f2906b7eb58ff68a14ca7cd878f89ca3,,,2,330.6478576660156,5,2,3,,,,,
my_unique_key,f2906b7eb58ff68a14ca7cd878f89ca3,,,2,345.6782531738281,5,2,3,,,,,
my_unique_key,f2906b7eb58ff68a14ca7cd878f89ca3,,,2,360.7088317871094,5,2,3,,,,,
my_unique_key,f2906b7eb58ff68a14ca7cd878f89ca3,,,2,375.7396545410156,5,2,3,,,,,
my_unique_key,f2906b7eb58ff68a14ca7cd878f89ca3,,,2,390.7704162597656,5,2,3,,,,,
my_unique_key,f2906b7eb58ff68a14ca7cd878f89ca3,,,2,405.8017578125,5,2,3,,,,,
my_unique_key,f2906b7eb58ff68a14ca7cd878f89ca3,,,2,413.766845703125,6,3,3,,,,,
my_unique_key,f2906b7eb58ff68a14ca7cd878f89ca3,,,2,420.83233642578125,6,3,3,,,,,
my_unique_key,f2906b7eb58ff68a14ca7cd878f89ca3,,,2,435.8495788574219,6,3,3,,,,,
my_unique_key,f2906b7eb58ff68a14ca7cd878f89ca3,,,0,15.018162727355957,0,0,0,,,,,
my_unique_key,f2906b7eb58ff68a14ca7cd878f89ca3,,,0,30.049062728881836,0,0,0,,,,,
my_unique_key,f2906b7eb58ff68a14ca7cd878f89ca3,,,0,45.07950973510742,0,0,0,,,,,
my_unique_key,f2906b7eb58ff68a14ca7cd878f89ca3,,,0,60.10957717895508,0,0,0,,,,,
my_unique_key,f2906b7eb58ff68a14ca7cd878f89ca3,,,0,75.14015197753906,0,0,0,,,,,
my_unique_key,f2906b7eb58ff68a14ca7cd878f89ca3,,,0,90.17225646972656,0,0,0,,,,,
my_unique_key,f2906b7eb58ff68a14ca7cd878f89ca3,,,0,105.20244598388672,1,0,0,,,,,
my_unique_key,f2906b7eb58ff68a14ca7cd878f89ca3,,,0,120.232421875,1,0,0,,,,,
my_unique_key,f2906b7eb58ff68a14ca7cd878f89ca3,,,0,135.26351928710938,1,0,0,,,,,
my_unique_key,f2906b7eb58ff68a14ca7cd878f89ca3,,,0,150.2942352294922,1,0,0,,,,,
my_unique_key,f2906b7eb58ff68a14ca7cd878f89ca3,,,0,165.32456970214844,1,0,0,,,,,
my_unique_key,f2906b7eb58ff68a14ca7cd878f89ca3,,,0,180.35475158691406,1,0,0,,,,,
my_unique_key,f2906b7eb58ff68a14ca7cd878f89ca3,,,0,195.38612365722656,1,0,0,,,,,
my_unique_key,f2906b7eb58ff68a14ca7cd878f89ca3,,,1,12.451951026916504,1,0,1,,,,,
my_unique_key,f2906b7eb58ff68a14ca7cd878f89ca3,,,1,15.018527030944824,1,0,1,,,,,
my_unique_key,f2906b7eb58ff68a14ca7cd878f89ca3,,,1,30.049419403076172,1,0,1,,,,,
my_unique_key,f2906b7eb58ff68a14ca7cd878f89ca3,,,1,45.08028793334961,1,0,1,,,,,
my_unique_key,f2906b7eb58ff68a14ca7cd878f89ca3,,,1,60.11083984375,1,0,1,,,,,
my_unique_key,f2906b7eb58ff68a14ca7cd878f89ca3,,,1,75.1422348022461,2,1,1,,,,,
my_unique_key,f2906b7eb58ff68a14ca7cd878f89ca3,,,1,90.17367553710938,2,1,1,,,,,
my_unique_key,f2906b7eb58ff68a14ca7cd878f89ca3,,,1,105.20394134521484,3,2,1,,,,,
my_unique_key,f2906b7eb58ff68a14ca7cd878f89ca3,,,1,120.23503875732422,3,2,1,,,,,
my_unique_key,f2906b7eb58ff68a14ca7cd878f89ca3,,,1,135.26611328125,3,2,1,,,,,
my_unique_key,f2906b7eb58ff68a14ca7cd878f89ca3,,,1,150.2965087890625,3,2,1,,,,,
my_unique_key,f2906b7eb58ff68a14ca7cd878f89ca3,,,1,165.3274383544922,3,2,1,,,,,
my_unique_key,f2906b7eb58ff68a14ca7cd878f89ca3,,,1,179.32513427734375,5,2,2,,,,,
my_unique_key,f2906b7eb58ff68a14ca7cd878f89ca3,,,1,180.35833740234375,5,2,2,,,,,
my_unique_key,f2906b7eb58ff68a14ca7cd878f89ca3,,,1,195.3886260986328,5,2,2,,,,,
my_unique_key,f2906b7eb58ff68a14ca7cd878f89ca3,,,1,210.41995239257812,5,2,2,,,,,
my_unique_key,f2906b7eb58ff68a14ca7cd878f89ca3,,,1,225.45103454589844,5,2,2,,,,,
my_unique_key,f2906b7eb58ff68a14ca7cd878f89ca3,,,1,240.48208618164062,6,3,2,,,,,
my_unique_key,f2906b7eb58ff68a14ca7cd878f89ca3,,,1,255.51292419433594,6,3,2,,,,,
my_unique_key,f2906b7eb58ff68a14ca7cd878f89ca3,,,1,270.5434265136719,6,3,2,,,,,
my_unique_key,f2906b7eb58ff68a14ca7cd878f89ca3,,,1,285.5742492675781,6,3,2,,,,,
my_unique_key,f2906b7eb58ff68a14ca7cd878f89ca3,,,1,300.5885314941406,6,3,2,,,,,
my_unique_key,f2906b7eb58ff68a14ca7cd878f89ca3,,,1,315.618896484375,6,3,2,,,,,
my_unique_key,f2906b7eb58ff68a14ca7cd878f89ca3,,,1,330.6496887207031,6,3,2,,,,,
my_unique_key,f2906b7eb58ff68a14ca7cd878f89ca3,,,1,345.68048095703125,6,3,2,,,,,
my_unique_key,f2906b7eb58ff68a14ca7cd878f89ca3,,,1,360.7106018066406,6,3,2,,,,,
my_unique_key,f2906b7eb58ff68a14ca7cd878f89ca3,,,1,375.7424011230469,6,3,2,,,,,
my_unique_key,f2906b7eb58ff68a14ca7cd878f89ca3,,,1,390.7730712890625,6,3,2,,,,,
my_unique_key,f2906b7eb58ff68a14ca7cd878f89ca3,,,1,405.80426025390625,7,3,2,,,,,
my_unique_key,f2906b7eb58ff68a14ca7cd878f89ca3,,,1,420.83563232421875,7,3,2,,,,,
my_unique_key,f2906b7eb58ff68a14ca7cd878f89ca3,,,1,435.8668212890625,7,3,2,,,,,
my_unique_key,f2906b7eb58ff68a14ca7cd878f89ca3,,,1,450.8808288574219,7,3,2,,,,,
my_unique_key,f2906b7eb58ff68a14ca7cd878f89ca3,,,1,465.9113464355469,7,3,2,,,,,
my_unique_key,f2906b7eb58ff68a14ca7cd878f89ca3,,,1,480.94146728515625,7,3,2,,,,,
my_unique_key,f2906b7eb58ff68a14ca7cd878f89ca3,,,1,491.97265625,7,3,2,,,,,
my_unique_key,f2906b7eb58ff68a14ca7cd878f89ca3,,,2,15.01781940460205,0,0,0,,,,,
my_unique_key,0a6d21d64faca3cabf6cf200d9b344ff393b3186,,,0,15.000080108642578,1,0,0,,,,,
my_unique_key,0a6d21d64faca3cabf6cf200d9b344ff393b3186,,,0,30.00053596496582,1,0,0,,,,,
my_unique_key,0a6d21d64faca3cabf6cf200d9b344ff393b3186,,,0,32.14611053466797,1,0,0,,,,,
my_unique_key,0a6d21d64faca3cabf6cf200d9b344ff393b3186,,,0,32.994049072265625,1,0,0,,,,,
my_unique_key,0a6d21d64faca3cabf6cf200d9b344ff393b3186,,,0,45.0006103515625,1,0,0,,,,,
my_unique_key,0a6d21d64faca3cabf6cf200d9b344ff393b3186,,,0,60.00129318237305,1,0,0,,,,,
my_unique_key,0a6d21d64faca3cabf6cf200d9b344ff393b3186,,,0,75.00152587890625,1,0,0,,,,,
my_unique_key,0a6d21d64faca3cabf6cf200d9b344ff393b3186,,,0,90.00218200683594,1,0,0,,,,,
my_unique_key,0a6d21d64faca3cabf6cf200d9b344ff393b3186,,,0,105.00334930419922,1,0,0,,,,,
my_unique_key,0a6d21d64faca3cabf6cf200d9b344ff393b3186,,,0,120.00392150878906,1,0,0,,,,,
my_unique_key,0a6d21d64faca3cabf6cf200d9b344ff393b3186,,,0,135.0044403076172,1,0,0,,,,,
my_unique_key,0a6d21d64faca3cabf6cf200d9b344ff393b3186,,,1,5.488221168518066,1,1,0,,,,,
my_unique_key,0a6d21d64faca3cabf6cf200d9b344ff393b3186,,,1,15.000763893127441,1,1,0,,,,,
my_unique_key,0a6d21d64faca3cabf6cf200d9b344ff393b3186,,,1,30.001239776611328,1,1,0,,,,,
my_unique_key,0a6d21d64faca3cabf6cf200d9b344ff393b3186,,,1,31.880033493041992,2,2,0,,,,,
my_unique_key,0a6d21d64faca3cabf6cf200d9b344ff393b3186,,,1,45.001853942871094,2,2,0,,,,,
my_unique_key,0a6d21d64faca3cabf6cf200d9b344ff393b3186,,,1,50.48889923095703,3,2,1,,,,,
my_unique_key,0a6d21d64faca3cabf6cf200d9b344ff393b3186,,,1,60.0030517578125,3,2,1,,,,,
my_unique_key,0a6d21d64faca3cabf6cf200d9b344ff393b3186,,,1,75.00299072265625,3,2,1,,,,,
my_unique_key,0a6d21d64faca3cabf6cf200d9b344ff393b3186,,,1,83.21627044677734,4,3,1,,,,,
my_unique_key,0a6d21d64faca3cabf6cf200d9b344ff393b3186,,,1,90.0031967163086,4,3,1,,,,,
my_unique_key,0a6d21d64faca3cabf6cf200d9b344ff393b3186,,,1,15.000655174255371,0,0,0,,,,,
my_unique_key,0a6d21d64faca3cabf6cf200d9b344ff393b3186,,,1,27.276859283447266,1,0,1,,,,,
my_unique_key,0a6d21d64faca3cabf6cf200d9b344ff393b3186,,,1,27.990022659301758,2,0,2,,,,,
my_unique_key,0a6d21d64faca3cabf6cf200d9b344ff393b3186,,,1,30.001880645751953,2,0,2,,,,,
my_unique_key,0a6d21d64faca3cabf6cf200d9b344ff393b3186,,,1,45.001983642578125,2,0,2,,,,,
my_unique_key,0a6d21d64faca3cabf6cf200d9b344ff393b3186,,,1,60.002716064453125,2,0,2,,,,,
my_unique_key,0a6d21d64faca3cabf6cf200d9b344ff393b3186,,,1,72.9901123046875,3,0,3,,,,,
my_unique_key,0a6d21d64faca3cabf6cf200d9b344ff393b3186,,,1,73.36609649658203,4,0,4,,,,,
my_unique_key,0a6d21d64faca3cabf6cf200d9b344ff393b3186,,,1,75.00373077392578,4,0,4,,,,,
my_unique_key,0a6d21d64faca3cabf6cf200d9b344ff393b3186,,,1,90.00360870361328,4,0,4,,,,,
my_unique_key,0a6d21d64faca3cabf6cf200d9b344ff393b3186,,,1,105.00462341308594,4,0,4,,,,,
my_unique_key,0a6d21d64faca3cabf6cf200d9b344ff393b3186,,,1,120.00523376464844,4,0,4,,,,,
my_unique_key,0a6d21d64faca3cabf6cf200d9b344ff393b3186,,,1,135.00511169433594,4,0,4,,,,,
my_unique_key,0a6d21d64faca3cabf6cf200d9b344ff393b3186,,,1,150.00588989257812,4,0,4,,,,,
my_unique_key,0a6d21d64faca3cabf6cf200d9b344ff393b3186,,,1,165.00648498535156,4,0,4,,,,,
my_unique_key,0a6d21d64faca3cabf6cf200d9b344ff393b3186,,,1,170.07106018066406,5,0,5,,,,,
my_unique_key,0a6d21d64faca3cabf6cf200d9b344ff393b3186,,,1,180.00794982910156,5,0,5,,,,,
my_unique_key,0a6d21d64faca3cabf6cf200d9b344ff393b3186,,,1,195.00784301757812,5,0,5,,,,,
my_unique_key,0a6d21d64faca3cabf6cf200d9b344ff393b3186,,,1,210.0081329345703,5,0,5,,,,,
my_unique_key,0a6d21d64faca3cabf6cf200d9b344ff393b3186,,,1,225.0080108642578,6,0,5,,,,,
my_unique_key,0a6d21d64faca3cabf6cf200d9b344ff393b3186,,,1,240.00830078125,6,0,5,,,,,
my_unique_key,0a6d21d64faca3cabf6cf200d9b344ff393b3186,,,1,255.00991821289062,6,0,5,,,,,
my_unique_key,0a6d21d64faca3cabf6cf200d9b344ff393b3186,,,1,270.0103454589844,6,0,5,,,,,
my_unique_key,0a6d21d64faca3cabf6cf200d9b344ff393b3186,,,1,285.0112609863281,6,0,5,,,,,
my_unique_key,0a6d21d64faca3cabf6cf200d9b344ff393b3186,,,1,300.0120849609375,6,0,5,,,,,
my_unique_key,0a6d21d64faca3cabf6cf200d9b344ff393b3186,,,1,315.0126647949219,6,0,5,,,,,
my_unique_key,0a6d21d64faca3cabf6cf200d9b344ff393b3186,,,1,330.01446533203125,6,0,5,,,,,
my_unique_key,0a6d21d64faca3cabf6cf200d9b344ff393b3186,,,1,345.0148010253906,7,0,5,,,,,
my_unique_key,0a6d21d64faca3cabf6cf200d9b344ff393b3186,,,1,360.0155944824219,7,0,5,,,,,
my_unique_key,0a6d21d64faca3cabf6cf200d9b344ff393b3186,,,1,375.017333984375,7,0,5,,,,,
my_unique_key,0a6d21d64faca3cabf6cf200d9b344ff393b3186,,,1,390.0177307128906,7,0,5,,,,,
my_unique_key,0a6d21d64faca3cabf6cf200d9b344ff393b3186,,,1,405.0196533203125,7,0,5,,,,,
my_unique_key,0a6d21d64faca3cabf6cf200d9b344ff393b3186,,,1,420.02008056640625,7,0,5,,,,,
my_unique_key,0a6d21d64faca3cabf6cf200d9b344ff393b3186,,,1,435.02191162109375,7,0,5,,,,,
my_unique_key,0a6d21d64faca3cabf6cf200d9b344ff393b3186,,,1,450.0227966308594,7,0,5,,,,,
my_unique_key,0a6d21d64faca3cabf6cf200d9b344ff393b3186,,,1,465.0237731933594,7,0,5,,,,,
my_unique_key,0a6d21d64faca3cabf6cf200d9b344ff393b3186,,,1,480.0239562988281,7,0,5,,,,,
my_unique_key,0a6d21d64faca3cabf6cf200d9b344ff393b3186,,,1,481.9028625488281,7,0,5,,,,,
my_unique_key,0a6d21d64faca3cabf6cf200d9b344ff393b3186,,,2,15.000078201293945,0,0,0,,,,,
my_unique_key,0a6d21d64faca3cabf6cf200d9b344ff393b3186,,,2,30.000328063964844,0,0,0,,,,,
my_unique_key,0a6d21d64faca3cabf6cf200d9b344ff393b3186,,,2,45.00068283081055,0,0,0,,,,,
my_unique_key,0a6d21d64faca3cabf6cf200d9b344ff393b3186,,,2,60.00174331665039,0,0,0,,,,,
my_unique_key,0a6d21d64faca3cabf6cf200d9b344ff393b3186,,,2,72.24982452392578,1,0,1,,,,,
my_unique_key,0a6d21d64faca3cabf6cf200d9b344ff393b3186,,,2,75.0017318725586,1,0,1,,,,,
my_unique_key,0a6d21d64faca3cabf6cf200d9b344ff393b3186,,,2,90.00228118896484,1,0,1,,,,,
my_unique_key,0a6d21d64faca3cabf6cf200d9b344ff393b3186,,,2,105.00213623046875,1,0,1,,,,,
my_unique_key,0a6d21d64faca3cabf6cf200d9b344ff393b3186,,,2,120.00299835205078,1,0,1,,,,,
my_unique_key,0a6d21d64faca3cabf6cf200d9b344ff393b3186,,,2,135.00289916992188,1,0,1,,,,,
my_unique_key,0a6d21d64faca3cabf6cf200d9b344ff393b3186,,,2,140.05650329589844,2,0,2,,,,,
my_unique_key,0a6d21d64faca3cabf6cf200d9b344ff393b3186,,,2,140.36094665527344,3,0,3,,,,,
my_unique_key,0a6d21d64faca3cabf6cf200d9b344ff393b3186,,,2,140.55422973632812,4,0,4,,,,,
my_unique_key,0a6d21d64faca3cabf6cf200d9b344ff393b3186,,,2,140.73741149902344,5,0,5,,,,,
my_unique_key,0a6d21d64faca3cabf6cf200d9b344ff393b3186,,,2,150.0040740966797,5,0,5,,,,,
my_unique_key,0a6d21d64faca3cabf6cf200d9b344ff393b3186,,,2,165.0052947998047,5,0,5,,,,,
my_unique_key,0a6d21d64faca3cabf6cf200d9b344ff393b3186,,,2,180.00634765625,5,0,5,,,,,
my_unique_key,0a6d21d64faca3cabf6cf200d9b344ff393b3186,,,2,195.00634765625,5,0,5,,,,,
my_unique_key,0a6d21d64faca3cabf6cf200d9b344ff393b3186,,,2,210.00645446777344,5,0,5,,,,,
my_unique_key,0a6d21d64faca3cabf6cf200d9b344ff393b3186,,,2,225.00668334960938,5,0,5,,,,,
my_unique_key,0a6d21d64faca3cabf6cf200d9b344ff393b3186,,,2,240.0065155029297,5,0,5,,,,,
my_unique_key,0a6d21d64faca3cabf6cf200d9b344ff393b3186,,,2,255.0063934326172,5,0,5,,,,,
my_unique_key,0a6d21d64faca3cabf6cf200d9b344ff393b3186,,,2,270.0050048828125,5,0,5,,,,,
my_unique_key,0a6d21d64faca3cabf6cf200d9b344ff393b3186,,,2,285.0068054199219,5,0,5,,,,,
my_unique_key,0a6d21d64faca3cabf6cf200d9b344ff393b3186,,,2,300.00830078125,5,0,5,,,,,
my_unique_key,0a6d21d64faca3cabf6cf200d9b344ff393b3186,,,2,315.0074768066406,5,0,5,,,,,
my_unique_key,0a6d21d64faca3cabf6cf200d9b344ff393b3186,,,2,330.0101623535156,5,0,5,,,,,
my_unique_key,0a6d21d64faca3cabf6cf200d9b344ff393b3186,,,2,345.0101318359375,5,0,5,,,,,
my_unique_key,0a6d21d64faca3cabf6cf200d9b344ff393b3186,,,2,360.0121765136719,5,0,5,,,,,
my_unique_key,0a6d21d64faca3cabf6cf200d9b344ff393b3186,,,2,375.0149230957031,5,0,5,,,,,
my_unique_key,0a6d21d64faca3cabf6cf200d9b344ff393b3186,,,2,390.0150146484375,5,0,5,,,,,
my_unique_key,0a6d21d64faca3cabf6cf200d9b344ff393b3186,,,2,405.01513671875,5,0,5,,,,,
my_unique_key,0a6d21d64faca3cabf6cf200d9b344ff393b3186,,,2,407.92266845703125,6,0,6,,,,,
my_unique_key,0a6d21d64faca3cabf6cf200d9b344ff393b3186,,,2,408.10723876953125,7,0,7,,,,,
my_unique_key,0a6d21d64faca3cabf6cf200d9b344ff393b3186,,,2,420.0168151855469,7,0,7,,,,,
my_unique_key,0a6d21d64faca3cabf6cf200d9b344ff393b3186,,,2,435.0178527832031,7,0,7,,,,,
my_unique_key,0a6d21d64faca3cabf6cf200d9b344ff393b3186,,,2,450.0182189941406,7,0,7,,,,,
my_unique_key,0a6d21d64faca3cabf6cf200d9b344ff393b3186,,,2,465.0196838378906,7,0,7,,,,,
my_unique_key,0a6d21d64faca3cabf6cf200d9b344ff393b3186,,,2,480.02197265625,7,0,7,,,,,
my_unique_key,0a6d21d64faca3cabf6cf200d9b344ff393b3186,,,2,495.0221252441406,7,0,7,,,,,
my_unique_key,0a6d21d64faca3cabf6cf200d9b344ff393b3186,,,2,510.02178955078125,7,0,7,,,,,
my_unique_key,0a6d21d64faca3cabf6cf200d9b344ff393b3186,,,2,525.0225219726562,7,0,7,,,,,
my_unique_key,0a6d21d64faca3cabf6cf200d9b344ff393b3186,,,2,540.021728515625,7,0,7,,,,,
my_unique_key,0a6d21d64faca3cabf6cf200d9b344ff393b3186,,,2,555.02490234375,7,0,7,,,,,
my_unique_key,0a6d21d64faca3cabf6cf200d9b344ff393b3186,,,2,570.0275268554688,7,0,7,,,,,
my_unique_key,0a6d21d64faca3cabf6cf200d9b344ff393b3186,,,2,585.0274658203125,7,0,7,,,,,
my_unique_key,0a6d21d64faca3cabf6cf200d9b344ff393b3186,,,2,600.030029296875,7,0,7,,,,,
my_unique_key,0a6d21d64faca3cabf6cf200d9b344ff393b3186,,,2,601.5443115234375,7,0,7,,,,,
my_unique_key,0a6d21d64faca3cabf6cf200d9b344ff393b3186,,,3,9.442692756652832,1,0,1,,,,,
my_unique_key,0a6d21d64faca3cabf6cf200d9b344ff393b3186,,,3,15.000576972961426,1,0,1,,,,,
my_unique_key,0a6d21d64faca3cabf6cf200d9b344ff393b3186,,,3,30.001657485961914,1,0,1,,,,,
my_unique_key,0a6d21d64faca3cabf6cf200d9b344ff393b3186,,,3,45.00258255004883,3,0,1,,,,,
my_unique_key,0a6d21d64faca3cabf6cf200d9b344ff393b3186,,,3,60.00279998779297,3,0,1,,,,,
my_unique_key,0a6d21d64faca3cabf6cf200d9b344ff393b3186,,,3,75.00308990478516,4,0,1,,,,,
my_unique_key,0a6d21d64faca3cabf6cf200d9b344ff393b3186,,,3,90.00364685058594,4,0,1,,,,,
my_unique_key,0a6d21d64faca3cabf6cf200d9b344ff393b3186,,,3,105.00447845458984,4,0,1,,,,,
my_unique_key,0a6d21d64faca3cabf6cf200d9b344ff393b3186,,,3,120.00491333007812,4,0,1,,,,,
my_unique_key,0a6d21d64faca3cabf6cf200d9b344ff393b3186,,,3,135.00604248046875,5,0,1,,,,,
my_unique_key,0a6d21d64faca3cabf6cf200d9b344ff393b3186,,,3,150.0067138671875,5,0,1,,,,,
my_unique_key,0a6d21d64faca3cabf6cf200d9b344ff393b3186,,,3,165.00741577148438,5,0,1,,,,,
my_unique_key,0a6d21d64faca3cabf6cf200d9b344ff393b3186,,,3,180.00880432128906,5,0,1,,,,,
my_unique_key,0a6d21d64faca3cabf6cf200d9b344ff393b3186,,,3,195.00904846191406,5,0,1,,,,,
my_unique_key,0a6d21d64faca3cabf6cf200d9b344ff393b3186,,,3,210.0103302001953,5,0,1,,,,,
my_unique_key,0a6d21d64faca3cabf6cf200d9b344ff393b3186,,,3,225.0106658935547,5,0,1,,,,,
my_unique_key,0a6d21d64faca3cabf6cf200d9b344ff393b3186,,,3,240.01193237304688,5,0,1,,,,,
my_unique_key,0a6d21d64faca3cabf6cf200d9b344ff393b3186,,,3,255.01287841796875,5,0,1,,,,,
my_unique_key,0a6d21d64faca3cabf6cf200d9b344ff393b3186,,,3,270.0143737792969,5,0,1,,,,,
my_unique_key,0a6d21d64faca3cabf6cf200d9b344ff393b3186,,,3,285.015380859375,5,0,1,,,,,
my_unique_key,0a6d21d64faca3cabf6cf200d9b344ff393b3186,,,3,300.0158386230469,5,0,1,,,,,
my_unique_key,0a6d21d64faca3cabf6cf200d9b344ff393b3186,,,3,313.4744873046875,6,0,2,,,,,
my_unique_key,0a6d21d64faca3cabf6cf200d9b344ff393b3186,,,3,313.666259765625,7,0,3,,,,,
my_unique_key,0a6d21d64faca3cabf6cf200d9b344ff393b3186,,,3,315.01800537109375,7,0,3,,,,,
my_unique_key,0a6d21d64faca3cabf6cf200d9b344ff393b3186,,,3,330.0174865722656,7,0,3,,,,,
my_unique_key,0a6d21d64faca3cabf6cf200d9b344ff393b3186,,,3,345.0171203613281,7,0,3,,,,,
my_unique_key,0a6d21d64faca3cabf6cf200d9b344ff393b3186,,,3,360.0195617675781,7,0,3,,,,,
my_unique_key,0a6d21d64faca3cabf6cf200d9b344ff393b3186,,,3,375.0198059082031,7,0,3,,,,,
my_unique_key,0a6d21d64faca3cabf6cf200d9b344ff393b3186,,,1,15.000046730041504,0,0,0,,,,,
my_unique_key,0a6d21d64faca3cabf6cf200d9b344ff393b3186,,,1,30.00078010559082,0,0,0,,,,,
my_unique_key,0a6d21d64faca3cabf6cf200d9b344ff393b3186,,,1,45.00092697143555,0,0,0,,,,,
my_unique_key,0a6d21d64faca3cabf6cf200d9b344ff393b3186,,,1,60.00081253051758,0,0,0,,,,,
my_unique_key,0a6d21d64faca3cabf6cf200d9b344ff393b3186,,,1,75.00089263916016,0,0,0,,,,,
my_unique_key,0a6d21d64faca3cabf6cf200d9b344ff393b3186,,,1,90.00227355957031,0,0,0,,,,,
my_unique_key,0a6d21d64faca3cabf6cf200d9b344ff393b3186,,,1,105.00282287597656,0,0,0,,,,,
my_unique_key,0a6d21d64faca3cabf6cf200d9b344ff393b3186,,,1,120.00300598144531,0,0,0,,,,,
my_unique_key,0a6d21d64faca3cabf6cf200d9b344ff393b3186,,,1,135.00376892089844,0,0,0,,,,,
my_unique_key,0a6d21d64faca3cabf6cf200d9b344ff393b3186,,,1,150.00433349609375,0,0,0,,,,,
my_unique_key,0a6d21d64faca3cabf6cf200d9b344ff393b3186,,,1,165.00474548339844,0,0,0,,,,,
my_unique_key,0a6d21d64faca3cabf6cf200d9b344ff393b3186,,,1,180.0059051513672,0,0,0,,,,,
my_unique_key,0a6d21d64faca3cabf6cf200d9b344ff393b3186,,,1,195.00613403320312,0,0,0,,,,,
my_unique_key,0a6d21d64faca3cabf6cf200d9b344ff393b3186,,,1,210.0067138671875,0,0,0,,,,,
my_unique_key,0a6d21d64faca3cabf6cf200d9b344ff393b3186,,,1,225.0070037841797,0,0,0,,,,,
my_unique_key,0a6d21d64faca3cabf6cf200d9b344ff393b3186,,,1,240.0076446533203,0,0,0,,,,,
my_unique_key,0a6d21d64faca3cabf6cf200d9b344ff393b3186,,,1,255.0087127685547,0,0,0,,,,,
my_unique_key,0a6d21d64faca3cabf6cf200d9b344ff393b3186,,,1,270.0081787109375,0,0,0,,,,,
my_unique_key,0a6d21d64faca3cabf6cf200d9b344ff393b3186,,,1,285.0081787109375,0,0,0,,,,,
my_unique_key,0a6d21d64faca3cabf6cf200d9b344ff393b3186,,,1,300.008056640625,0,0,0,,,,,
my_unique_key,0a6d21d64faca3cabf6cf200d9b344ff393b3186,,,1,315.007568359375,0,0,0,,,,,
my_unique_key,0a6d21d64faca3cabf6cf200d9b344ff393b3186,,,1,330.0089111328125,0,0,0,,,,,
my_unique_key,0a6d21d64faca3cabf6cf200d9b344ff393b3186,,,1,345.0088195800781,0,0,0,,,,,
my_unique_key,0a6d21d64faca3cabf6cf200d9b344ff393b3186,,,1,360.00909423828125,0,0,0,,,,,
my_unique_key,0a6d21d64faca3cabf6cf200d9b344ff393b3186,,,1,375.01043701171875,0,0,0,,,,,
my_unique_key,0a6d21d64faca3cabf6cf200d9b344ff393b3186,,,1,390.0101318359375,0,0,0,,,,,
my_unique_key,0a6d21d64faca3cabf6cf200d9b344ff393b3186,,,1,405.0099792480469,0,0,0,,,,,
my_unique_key,0a6d21d64faca3cabf6cf200d9b344ff393b3186,,,1,420.010498046875,0,0,0,,,,,
my_unique_key,0a6d21d64faca3cabf6cf200d9b344ff393b3186,,,1,435.0130310058594,0,0,0,,,,,
my_unique_key,0a6d21d64faca3cabf6cf200d9b344ff393b3186,,,1,450.0166320800781,0,0,0,,,,,
my_unique_key,0a6d21d64faca3cabf6cf200d9b344ff393b3186,,,1,465.0177001953125,0,0,0,,,,,
my_unique_key,0a6d21d64faca3cabf6cf200d9b344ff393b3186,,,1,480.01959228515625,0,0,0,,,,,
my_unique_key,0a6d21d64faca3cabf6cf200d9b344ff393b3186,,,1,495.0191650390625,0,0,0,,,,,
my_unique_key,0a6d21d64faca3cabf6cf200d9b344ff393b3186,,,1,510.0216064453125,0,0,0,,,,,
my_unique_key,0a6d21d64faca3cabf6cf200d9b344ff393b3186,,,1,525.0161743164062,0,0,0,,,,,
my_unique_key,0a6d21d64faca3cabf6cf200d9b344ff393b3186,,,0,1.659449815750122,1,0,1,,,,,
my_unique_key,0a6d21d64faca3cabf6cf200d9b344ff393b3186,,,0,15.000201225280762,0,0,0,,,,,
my_unique_key,0a6d21d64faca3cabf6cf200d9b344ff393b3186,,,0,30.001089096069336,0,0,0,,,,,
my_unique_key,0a6d21d64faca3cabf6cf200d9b344ff393b3186,,,0,2.803410768508911,1,1,0,,,,,
my_unique_key,0a6d21d64faca3cabf6cf200d9b344ff393b3186,,,0,15.000654220581055,1,1,0,,,,,
my_unique_key,0a6d21d64faca3cabf6cf200d9b344ff393b3186,,,0,30.00143814086914,1,1,0,,,,,
my_unique_key,0a6d21d64faca3cabf6cf200d9b344ff393b3186,,,1,10.930731773376465,1,1,0,,,,,
my_unique_key,0a6d21d64faca3cabf6cf200d9b344ff393b3186,,,1,15.001179695129395,0,0,0,,,,,
my_unique_key,0a6d21d64faca3cabf6cf200d9b344ff393b3186,,,1,30.001976013183594,0,0,0,,,,,
my_unique_key,0a6d21d64faca3cabf6cf200d9b344ff393b3186,,,1,45.00299072265625,0,0,0,,,,,
my_unique_key,0a6d21d64faca3cabf6cf200d9b344ff393b3186,,,1,60.00365447998047,0,0,0,,,,,
my_unique_key,0a6d21d64faca3cabf6cf200d9b344ff393b3186,,,1,75.00860595703125,0,0,0,,,,,
my_unique_key,0a6d21d64faca3cabf6cf200d9b344ff393b3186,,,1,15.00076961517334,0,0,0,,,,,
my_unique_key,0a6d21d64faca3cabf6cf200d9b344ff393b3186,,,1,30.00343894958496,0,0,0,,,,,
my_unique_key,0a6d21d64faca3cabf6cf200d9b344ff393b3186,,,1,45.00588607788086,0,0,0,,,,,
my_unique_key,0a6d21d64faca3cabf6cf200d9b344ff393b3186,,,1,60.00668716430664,0,0,0,,,,,
my_unique_key,0a6d21d64faca3cabf6cf200d9b344ff393b3186,,,1,75.01001739501953,0,0,0,,,,,
my_unique_key,0a6d21d64faca3cabf6cf200d9b344ff393b3186,,,1,90.0106201171875,0,0,0,,,,,
my_unique_key,0a6d21d64faca3cabf6cf200d9b344ff393b3186,,,1,105.01165771484375,0,0,0,,,,,
my_unique_key,0a6d21d64faca3cabf6cf200d9b344ff393b3186,,,1,120.01573181152344,0,0,0,,,,,
my_unique_key,0a6d21d64faca3cabf6cf200d9b344ff393b3186,,,1,15.001070022583008,0,0,0,,,,,
my_unique_key,0a6d21d64faca3cabf6cf200d9b344ff393b3186,,,1,30.005685806274414,0,0,0,,,,,
my_unique_key,0a6d21d64faca3cabf6cf200d9b344ff393b3186,,,1,45.00647735595703,0,0,0,,,,,
my_unique_key,0a6d21d64faca3cabf6cf200d9b344ff393b3186,,,1,60.009098052978516,0,0,0,,,,,
my_unique_key,0a6d21d64faca3cabf6cf200d9b344ff393b3186,,,1,15.000865936279297,0,0,0,,,,,
my_unique_key,0a6d21d64faca3cabf6cf200d9b344ff393b3186,,,1,30.00132179260254,0,0,0,,,,,
my_unique_key,0a6d21d64faca3cabf6cf200d9b344ff393b3186,,,1,15.000073432922363,0,0,0,,,,,
my_unique_key,0a6d21d64faca3cabf6cf200d9b344ff393b3186,,,1,30.00080108642578,0,0,0,,,,,
my_unique_key,0a6d21d64faca3cabf6cf200d9b344ff393b3186,,,1,15.001140594482422,0,0,0,,,,,
my_unique_key,0a6d21d64faca3cabf6cf200d9b344ff393b3186,,,1,15.001246452331543,0,0,0,,,,,
my_unique_key,0a6d21d64faca3cabf6cf200d9b344ff393b3186,,,1,30.00136375427246,0,0,0,,,,,
my_unique_key,0a6d21d64faca3cabf6cf200d9b344ff393b3186,,,1,45.002197265625,0,0,0,,,,,
my_unique_key,0a6d21d64faca3cabf6cf200d9b344ff393b3186,,,1,60.00714111328125,0,0,0,,,,,
my_unique_key,0a6d21d64faca3cabf6cf200d9b344ff393b3186,,,1,75.00758361816406,0,0,0,,,,,
my_unique_key,0a6d21d64faca3cabf6cf200d9b344ff393b3186,,,1,90.00910186767578,0,0,0,,,,,
my_unique_key,9e6083c21356ca1adb20e2f8875f3f16d06c8748,,,0,15.00448989868164,0,0,0,,,,,
my_unique_key,9e6083c21356ca1adb20e2f8875f3f16d06c8748,,,0,15.007079124450684,0,0,0,,,,,
my_unique_key,9e6083c21356ca1adb20e2f8875f3f16d06c8748,,,0,30.022428512573242,0,0,0,,,,,
my_unique_key,9e6083c21356ca1adb20e2f8875f3f16d06c8748,,,0,30.02238655090332,0,0,0,,,,,
my_unique_key,9e6083c21356ca1adb20e2f8875f3f16d06c8748,,,0,45.03091049194336,0,0,0,,,,,
my_unique_key,9e6083c21356ca1adb20e2f8875f3f16d06c8748,,,0,45.038394927978516,0,0,0,,,,,
my_unique_key,9e6083c21356ca1adb20e2f8875f3f16d06c8748,,,0,60.0357780456543,0,0,0,,,,,
my_unique_key,9e6083c21356ca1adb20e2f8875f3f16d06c8748,,,0,15.004494667053223,0,0,0,,,,,
my_unique_key,9e6083c21356ca1adb20e2f8875f3f16d06c8748,,,0,15.004565238952637,0,0,0,,,,,
my_unique_key,9e6083c21356ca1adb20e2f8875f3f16d06c8748,,,0,15.004524230957031,0,0,0,,,,,
my_unique_key,9e6083c21356ca1adb20e2f8875f3f16d06c8748,,,0,30.005653381347656,0,0,0,,,,,
my_unique_key,9e6083c21356ca1adb20e2f8875f3f16d06c8748,,,0,30.005762100219727,0,0,0,,,,,
my_unique_key,9e6083c21356ca1adb20e2f8875f3f16d06c8748,,,0,39.08982849121094,1,1,0,,,,,
my_unique_key,9e6083c21356ca1adb20e2f8875f3f16d06c8748,,,0,45.006988525390625,0,0,0,,,,,
my_unique_key,9e6083c21356ca1adb20e2f8875f3f16d06c8748,,,0,45.006961822509766,1,1,0,,,,,
my_unique_key,9e6083c21356ca1adb20e2f8875f3f16d06c8748,,,0,59.64149475097656,1,1,0,,,,,
my_unique_key,9e6083c21356ca1adb20e2f8875f3f16d06c8748,,,0,60.00813674926758,1,1,0,,,,,
my_unique_key,9e6083c21356ca1adb20e2f8875f3f16d06c8748,,,0,60.00813293457031,1,1,0,,,,,
my_unique_key,9e6083c21356ca1adb20e2f8875f3f16d06c8748,,,0,75.00788879394531,1,1,0,,,,,
my_unique_key,9e6083c21356ca1adb20e2f8875f3f16d06c8748,,,0,75.0079574584961,1,1,0,,,,,
my_unique_key,9e6083c21356ca1adb20e2f8875f3f16d06c8748,,,0,90.00726318359375,1,1,0,,,,,
my_unique_key,9e6083c21356ca1adb20e2f8875f3f16d06c8748,,,0,90.00740051269531,1,1,0,,,,,
my_unique_key,9e6083c21356ca1adb20e2f8875f3f16d06c8748,,,0,105.0066146850586,1,1,0,,,,,
my_unique_key,9e6083c21356ca1adb20e2f8875f3f16d06c8748,,,0,105.00670623779297,1,1,0,,,,,
my_unique_key,9e6083c21356ca1adb20e2f8875f3f16d06c8748,,,0,120.006103515625,1,1,0,,,,,
my_unique_key,9e6083c21356ca1adb20e2f8875f3f16d06c8748,,,0,120.00613403320312,1,1,0,,,,,
my_unique_key,9e6083c21356ca1adb20e2f8875f3f16d06c8748,,,0,15.004451751708984,0,0,0,,,,,
my_unique_key,0a6d21d64faca3cabf6cf200d9b344ff393b3186,,,0,15.000508308410645,0,0,0,,,,,
my_unique_key,0a6d21d64faca3cabf6cf200d9b344ff393b3186,,,0,30.001445770263672,0,0,0,,,,,
my_unique_key,0a6d21d64faca3cabf6cf200d9b344ff393b3186,,,1,3.586538076400757,1,1,0,,,,,
my_unique_key,0a6d21d64faca3cabf6cf200d9b344ff393b3186,,,1,15.001250267028809,2,1,0,,,,,
my_unique_key,0a6d21d64faca3cabf6cf200d9b344ff393b3186,,,1,30.002492904663086,2,1,0,,,,,
my_unique_key,0a6d21d64faca3cabf6cf200d9b344ff393b3186,,,0,15.000101089477539,0,0,0,,,,,
my_unique_key,0a6d21d64faca3cabf6cf200d9b344ff393b3186,,,0,30.00052261352539,0,0,0,,,,,
my_unique_key,0a6d21d64faca3cabf6cf200d9b344ff393b3186,,,0,15.000327110290527,1,0,0,,,,,
my_unique_key,0a6d21d64faca3cabf6cf200d9b344ff393b3186,,,0,30.000375747680664,1,0,0,,,,,
my_unique_key,0a6d21d64faca3cabf6cf200d9b344ff393b3186,,,1,7.790878772735596,1,1,0,,,,,
my_unique_key,0a6d21d64faca3cabf6cf200d9b344ff393b3186,,,1,15.00039005279541,1,1,0,,,,,
my_unique_key,9e6083c21356ca1adb20e2f8875f3f16d06c8748,,,0,15.004511833190918,0,0,0,,,,,
my_unique_key,9e6083c21356ca1adb20e2f8875f3f16d06c8748,,,0,15.004276275634766,0,0,0,,,,,
my_unique_key,9e6083c21356ca1adb20e2f8875f3f16d06c8748,,,0,30.012365341186523,0,0,0,,,,,
my_unique_key,9e6083c21356ca1adb20e2f8875f3f16d06c8748,,,0,30.009984970092773,0,0,0,,,,,
my_unique_key,9e6083c21356ca1adb20e2f8875f3f16d06c8748,,,0,15.004528999328613,0,0,0,,,,,
my_unique_key,9e6083c21356ca1adb20e2f8875f3f16d06c8748,,,0,15.004478454589844,0,0,0,,,,,
my_unique_key,9e6083c21356ca1adb20e2f8875f3f16d06c8748,,,0,25.371984481811523,1,0,1,,,,,
my_unique_key,9e6083c21356ca1adb20e2f8875f3f16d06c8748,,,0,30.00566864013672,1,0,1,,,,,
my_unique_key,9e6083c21356ca1adb20e2f8875f3f16d06c8748,,,0,30.005624771118164,0,0,0,,,,,
my_unique_key,9e6083c21356ca1adb20e2f8875f3f16d06c8748,,,0,15.004464149475098,0,0,0,,,,,
my_unique_key,9e6083c21356ca1adb20e2f8875f3f16d06c8748,,,0,15.004246711730957,0,0,0,,,,,
my_unique_key,0a6d21d64faca3cabf6cf200d9b344ff393b3186,,EyeBall,0,15.000280380249023,0,0,0,0,,,,
my_unique_key,0a6d21d64faca3cabf6cf200d9b344ff393b3186,,Bladder,1,15.0003023147583,0,0,0,0,,,,
my_unique_key,0a6d21d64faca3cabf6cf200d9b344ff393b3186,,Bladder,1,30.001184463500977,0,0,0,0,,,,
my_unique_key,0a6d21d64faca3cabf6cf200d9b344ff393b3186,,Bladder,1,45.00149917602539,0,0,0,0,,,,
my_unique_key,0a6d21d64faca3cabf6cf200d9b344ff393b3186,,Bladder,1,60.00147247314453,0,0,0,0,,,,
my_unique_key,0a6d21d64faca3cabf6cf200d9b344ff393b3186,,Bladder,0,15.000895500183105,0,0,0,0,,,,
my_unique_key,0a6d21d64faca3cabf6cf200d9b344ff393b3186,,Bladder,0,16.74495506286621,0,0,0,0,,,,
my_unique_key,0a6d21d64faca3cabf6cf200d9b344ff393b3186,,Bladder,0,15.000568389892578,0,0,0,0,,,,
my_unique_key,0a6d21d64faca3cabf6cf200d9b344ff393b3186,,Bladder,0,15.973509788513184,0,0,0,0,,,,
my_unique_key,0a6d21d64faca3cabf6cf200d9b344ff393b3186,,EyeBall,0,3.5124807357788086,1,0,0,1,,,,
my_unique_key,0a6d21d64faca3cabf6cf200d9b344ff393b3186,,EyeBall,0,1.8407751321792603,1,0,0,1,,,,
my_unique_key,0a6d21d64faca3cabf6cf200d9b344ff393b3186,,Bladder,1,3.115748405456543,1,0,0,1,,,,
my_unique_key,0a6d21d64faca3cabf6cf200d9b344ff393b3186,,EyeBall,1,2.2916481494903564,1,0,0,1,,,,
my_unique_key,0a6d21d64faca3cabf6cf200d9b344ff393b3186,,Bladder,2,9.303668975830078,0,0,0,0,,,,
my_unique_key,0a6d21d64faca3cabf6cf200d9b344ff393b3186,,EyeBall,3,3.007941484451294,1,1,0,0,,,,
my_unique_key,0a6d21d64faca3cabf6cf200d9b344ff393b3186,,EyeBall,3,15.000162124633789,1,1,0,0,,,,
my_unique_key,0a6d21d64faca3cabf6cf200d9b344ff393b3186,,EyeBall,0,3.5872702598571777,1,1,0,0,,,,
my_unique_key,0a6d21d64faca3cabf6cf200d9b344ff393b3186,,EyeBall,0,2.2544610500335693,1,1,0,0,,,,
my_unique_key,0a6d21d64faca3cabf6cf200d9b344ff393b3186,,Bladder,0,1.162550449371338,1,1,0,0,,,,
my_unique_key,0a6d21d64faca3cabf6cf200d9b344ff393b3186,,Bladder,1,11.858795166015625,1,1,0,0,,,,
my_unique_key,0a6d21d64faca3cabf6cf200d9b344ff393b3186,,EyeBall,1,1.2151920795440674,1,1,0,0,,,,
my_unique_key,0a6d21d64faca3cabf6cf200d9b344ff393b3186,,Bladder,1,15.000968933105469,0,0,0,0,,,,
my_unique_key,0a6d21d64faca3cabf6cf200d9b344ff393b3186,,Bladder,2,26.03538703918457,0,0,0,0,,,,
my_unique_key,0a6d21d64faca3cabf6cf200d9b344ff393b3186,,Bladder,2,1.7784695625305176,1,1,0,0,,,,
my_unique_key,0a6d21d64faca3cabf6cf200d9b344ff393b3186,,EyeBall,1,1.2579631805419922,1,1,0,0,,,,
my_unique_key,0a6d21d64faca3cabf6cf200d9b344ff393b3186,,EyeBall,1,3.1318132877349854,1,1,0,0,,,,
my_unique_key,0a6d21d64faca3cabf6cf200d9b344ff393b3186,24/03/2025 15:25:50,EyeBall,1,1.4033031463623047,1,0,1,0,,,,
my_unique_key,0a6d21d64faca3cabf6cf200d9b344ff393b3186,24/03/2025 15:26:22,EyeBall,1,1.9191699028015137,1,1,0,0,,,,
my_unique_key,0a6d21d64faca3cabf6cf200d9b344ff393b3186,24/03/2025 15:26:30,Bladder,1,3.1456716060638428,1,1,0,0,,,,
my_unique_key,0a6d21d64faca3cabf6cf200d9b344ff393b3186,24/03/2025 15:26:39,Bladder,2,11.816812515258789,1,1,0,0,,,,
my_unique_key,0a6d21d64faca3cabf6cf200d9b344ff393b3186,24/03/2025 15:26:49,EyeBall,2,3.4096407890319824,1,1,0,0,,,,
my_unique_key,0a6d21d64faca3cabf6cf200d9b344ff393b3186,24/03/2025 15:29:40,EyeBall,1,1.8123990297317505,1,1,0,0,,,,
my_unique_key,0a6d21d64faca3cabf6cf200d9b344ff393b3186,24/03/2025 15:30:11,EyeBall,1,2.1861722469329834,1,1,0,0,,,,True
my_unique_key,9e6083c21356ca1adb20e2f8875f3f16d06c8748,,,0,15.008419036865234,0,0,0,,,,,
my_unique_key,9e6083c21356ca1adb20e2f8875f3f16d06c8748,,,0,15.002043724060059,0,0,0,,,,,
my_unique_key,0a6d21d64faca3cabf6cf200d9b344ff393b3186,24/03/2025 15:38:03,EyeBall,1,2.9564573764801025,1,0,1,0,0,1,,False
my_unique_key,0a6d21d64faca3cabf6cf200d9b344ff393b3186,24/03/2025 15:38:13,EyeBall,1,12.604204177856445,1,0,1,0,1,2,,False
my_unique_key,0a6d21d64faca3cabf6cf200d9b344ff393b3186,24/03/2025 15:38:15,EyeBall,1,15.00072193145752,1,0,1,0,1,2,,False
my_unique_key,0a6d21d64faca3cabf6cf200d9b344ff393b3186,24/03/2025 15:38:26,EyeBall,1,25.95647430419922,1,0,1,0,2,3,,False
my_unique_key,0a6d21d64faca3cabf6cf200d9b344ff393b3186,24/03/2025 15:38:28,EyeBall,1,27.364871978759766,1,0,1,0,3,4,,False
my_unique_key,0a6d21d64faca3cabf6cf200d9b344ff393b3186,24/03/2025 15:38:29,EyeBall,1,28.54118537902832,1,0,1,0,4,5,,False
my_unique_key,0a6d21d64faca3cabf6cf200d9b344ff393b3186,24/03/2025 15:38:30,EyeBall,1,29.32437515258789,1,0,1,0,5,6,,False
my_unique_key,0a6d21d64faca3cabf6cf200d9b344ff393b3186,24/03/2025 15:38:30,EyeBall,1,30.00132942199707,1,0,1,0,5,6,,False
my_unique_key,0a6d21d64faca3cabf6cf200d9b344ff393b3186,24/03/2025 15:38:31,EyeBall,1,30.21298599243164,1,0,1,0,6,7,,False
my_unique_key,0a6d21d64faca3cabf6cf200d9b344ff393b3186,24/03/2025 15:38:31,EyeBall,1,30.876604080200195,1,0,1,0,7,8,,False
my_unique_key,0a6d21d64faca3cabf6cf200d9b344ff393b3186,24/03/2025 16:10:37,EyeBall,1,1.4739234447479248,1,1,0,0,0,1,,True
my_unique_key,8B95696D-44DE-474F-B5C2-B245ED4F6C61,,,0,8.286018371582031,1,0,1,,,,,
my_unique_key,8B95696D-44DE-474F-B5C2-B245ED4F6C61,,,0,15.01882553100586,1,0,1,,,,,
my_unique_key,8B95696D-44DE-474F-B5C2-B245ED4F6C61,,,0,30.05129623413086,1,0,1,,,,,
my_unique_key,8B95696D-44DE-474F-B5C2-B245ED4F6C61,,,0,45.083621978759766,1,0,1,,,,,
my_unique_key,8B95696D-44DE-474F-B5C2-B245ED4F6C61,,,0,60.11576843261719,1,0,1,,,,,
my_unique_key,8B95696D-44DE-474F-B5C2-B245ED4F6C61,,,0,75.14838409423828,1,0,1,,,,,
my_unique_key,8B95696D-44DE-474F-B5C2-B245ED4F6C61,,,0,90.18070220947266,1,0,1,,,,,
my_unique_key,8B95696D-44DE-474F-B5C2-B245ED4F6C61,,,0,105.21339416503906,1,0,1,,,,,
my_unique_key,8B95696D-44DE-474F-B5C2-B245ED4F6C61,,,0,4.8167500495910645,1,1,0,,,,,
my_unique_key,8B95696D-44DE-474F-B5C2-B245ED4F6C61,,,0,15.01645565032959,1,1,0,,,,,
my_unique_key,8B95696D-44DE-474F-B5C2-B245ED4F6C61,,,0,30.048974990844727,1,1,0,,,,,
my_unique_key,8B95696D-44DE-474F-B5C2-B245ED4F6C61,,,0,45.081382751464844,1,1,0,,,,,
my_unique_key,9e6083c21356ca1adb20e2f8875f3f16d06c8748,24/03/2025 16:37:04,EyeBall,1,3.4227259159088135,1,1,0,0,0,1,,False
my_unique_key,0a6d21d64faca3cabf6cf200d9b344ff393b3186,24/03/2025 17:01:30,EyeBall,1,1.2697726488113403,1,1,0,0,0,1,,True
my_unique_key,0a6d21d64faca3cabf6cf200d9b344ff393b3186,24/03/2025 17:01:38,Bladder,1,0.7202901840209961,1,1,0,0,0,1,,True
my_unique_key,9e6083c21356ca1adb20e2f8875f3f16d06c8748,24/03/2025 17:01:33,EyeBall,1,13.497270584106445,1,1,0,0,0,1,,True
my_unique_key,9e6083c21356ca1adb20e2f8875f3f16d06c8748,24/03/2025 17:01:34,EyeBall,1,15.00064754486084,1,1,0,0,0,1,,True
my_unique_key,9e6083c21356ca1adb20e2f8875f3f16d06c8748,24/03/2025 17:01:49,EyeBall,1,30.000703811645508,1,1,0,0,0,1,,True
my_unique_key,9e6083c21356ca1adb20e2f8875f3f16d06c8748,24/03/2025 17:02:07,Bladder,1,15.000722885131836,0,0,0,0,0,0,,True
my_unique_key,9e6083c21356ca1adb20e2f8875f3f16d06c8748,24/03/2025 17:02:21,Bladder,1,29.115793228149414,1,0,0,1,0,1,,True
my_unique_key,9e6083c21356ca1adb20e2f8875f3f16d06c8748,24/03/2025 17:02:22,Bladder,1,30.001148223876953,1,0,0,1,0,1,,True
my_unique_key,9e6083c21356ca1adb20e2f8875f3f16d06c8748,24/03/2025 17:02:37,Bladder,1,45.002716064453125,1,0,0,1,0,1,,True
my_unique_key,9e6083c21356ca1adb20e2f8875f3f16d06c8748,24/03/2025 17:02:45,Bladder,1,53.26299285888672,2,1,0,1,0,2,,True
my_unique_key,9e6083c21356ca1adb20e2f8875f3f16d06c8748,24/03/2025 17:02:46,Bladder,1,53.730953216552734,3,2,0,1,0,3,,True
my_unique_key,9e6083c21356ca1adb20e2f8875f3f16d06c8748,24/03/2025 17:02:52,Bladder,1,60.002708435058594,3,2,0,1,0,3,,True
my_unique_key,9e6083c21356ca1adb20e2f8875f3f16d06c8748,24/03/2025 17:03:07,Bladder,1,75.00264739990234,3,2,0,1,0,3,,True
my_unique_key,9e6083c21356ca1adb20e2f8875f3f16d06c8748,24/03/2025 17:14:28,Bladder,1,90.0034408569336,3,2,0,1,0,3,,True
my_unique_key,9e6083c21356ca1adb20e2f8875f3f16d06c8748,24/03/2025 17:14:33,Bladder,1,94.10792541503906,4,2,0,2,0,4,,True
my_unique_key,9e6083c21356ca1adb20e2f8875f3f16d06c8748,24/03/2025 17:14:43,Bladder,1,105.00413513183594,4,2,0,2,0,4,,True
my_unique_key,9e6083c21356ca1adb20e2f8875f3f16d06c8748,24/03/2025 17:14:58,Bladder,1,120.0050048828125,4,2,0,2,0,4,,True
my_unique_key,9e6083c21356ca1adb20e2f8875f3f16d06c8748,24/03/2025 17:15:13,Bladder,1,135.00613403320312,4,2,0,2,0,4,,True
my_unique_key,9e6083c21356ca1adb20e2f8875f3f16d06c8748,24/03/2025 17:15:28,Bladder,1,150.00607299804688,4,2,0,2,0,4,,True
my_unique_key,9e6083c21356ca1adb20e2f8875f3f16d06c8748,24/03/2025 17:15:30,Bladder,1,151.6616668701172,5,3,0,2,0,5,,True
my_unique_key,9e6083c21356ca1adb20e2f8875f3f16d06c8748,24/03/2025 17:15:43,Bladder,1,165.00755310058594,5,3,0,2,0,5,,True
my_unique_key,1C093155-C1F1-4C68-A085-6A8A773C204B,,,0,0.9122995734214783,1,0,1,,,,,
my_unique_key,1C093155-C1F1-4C68-A085-6A8A773C204B,,,0,15.012704849243164,1,0,1,,,,,
my_unique_key,1C093155-C1F1-4C68-A085-6A8A773C204B,,,0,30.01321029663086,1,0,1,,,,,
my_unique_key,1C093155-C1F1-4C68-A085-6A8A773C204B,,,0,45.01340866088867,1,0,1,,,,,
my_unique_key,1C093155-C1F1-4C68-A085-6A8A773C204B,,,0,60.013832092285156,1,0,1,,,,,
my_unique_key,1C093155-C1F1-4C68-A085-6A8A773C204B,,,0,75.01459503173828,1,0,1,,,,,
my_unique_key,1C093155-C1F1-4C68-A085-6A8A773C204B,,,0,90.01525115966797,1,0,1,,,,,
my_unique_key,1C093155-C1F1-4C68-A085-6A8A773C204B,,,0,5.518336772918701,1,0,1,,,,,
my_unique_key,1C093155-C1F1-4C68-A085-6A8A773C204B,,,0,15.019001960754395,1,0,1,,,,,
my_unique_key,1C093155-C1F1-4C68-A085-6A8A773C204B,,,0,30.052122116088867,1,0,1,,,,,
my_unique_key,1C093155-C1F1-4C68-A085-6A8A773C204B,,,0,45.05257797241211,1,0,1,,,,,
my_unique_key,46005EB1-2BE6-4F91-A07F-5B2AB79F134D,,,0,15.01848316192627,0,0,0,,,,,
my_unique_key,82902ae87cd4af8ade47d7f34530c82076045f11,28/03/2025 15:09:21,EyeBall,1,15.000724792480469,0,0,0,0,0,0,,True
my_unique_key,82902ae87cd4af8ade47d7f34530c82076045f11,28/03/2025 15:09:36,EyeBall,1,30.001115798950195,0,0,0,0,0,0,,True
my_unique_key,82902ae87cd4af8ade47d7f34530c82076045f11,28/03/2025 15:09:51,EyeBall,1,45.001895904541016,0,0,0,0,0,0,,True
my_unique_key,82902ae87cd4af8ade47d7f34530c82076045f11,28/03/2025 15:16:12,EyeBall,1,60.00212860107422,0,0,0,0,0,0,,True
my_unique_key,82902ae87cd4af8ade47d7f34530c82076045f11,28/03/2025 15:17:01,EyeBall,1,75.00209045410156,0,0,0,0,0,0,,True
my_unique_key,82902ae87cd4af8ade47d7f34530c82076045f11,28/03/2025 15:17:16,EyeBall,1,90.0033187866211,0,0,0,0,0,0,,True
my_unique_key,82902ae87cd4af8ade47d7f34530c82076045f11,28/03/2025 15:17:31,EyeBall,1,105.00457763671875,0,0,0,0,0,0,,True
my_unique_key,82902ae87cd4af8ade47d7f34530c82076045f11,28/03/2025 15:17:52,EyeBall,1,120.00621032714844,0,0,0,0,0,0,,True
my_unique_key,82902ae87cd4af8ade47d7f34530c82076045f11,28/03/2025 15:18:08,EyeBall,1,135.00791931152344,0,0,0,0,0,0,,True
my_unique_key,82902ae87cd4af8ade47d7f34530c82076045f11,28/03/2025 15:18:23,EyeBall,1,150.00967407226562,0,0,0,0,0,0,,True
my_unique_key,82902ae87cd4af8ade47d7f34530c82076045f11,28/03/2025 15:18:38,EyeBall,1,165.01022338867188,0,0,0,0,0,0,,True
my_unique_key,82902ae87cd4af8ade47d7f34530c82076045f11,28/03/2025 15:18:53,EyeBall,1,180.01138305664062,0,0,0,0,0,0,,True
my_unique_key,82902ae87cd4af8ade47d7f34530c82076045f11,28/03/2025 17:15:28,EyeBall,1,15.00102710723877,0,0,0,0,0,0,,False
my_unique_key,9893187d5c79cee1db302548692c2ef6dad3d52e,28/03/2025 17:17:49,EyeBall,1,5.435582637786865,1,0,1,0,0,1,,False
my_unique_key,9893187d5c79cee1db302548692c2ef6dad3d52e,28/03/2025 17:17:59,EyeBall,1,15.00250244140625,1,0,1,0,0,1,,False
my_unique_key,9893187d5c79cee1db302548692c2ef6dad3d52e,28/03/2025 17:18:14,EyeBall,1,30.005029678344727,1,0,1,0,0,1,,False
my_unique_key,9893187d5c79cee1db302548692c2ef6dad3d52e,28/03/2025 17:18:44,EyeBall,1,2.279792070388794,1,0,0,1,0,1,,True
my_unique_key,9893187d5c79cee1db302548692c2ef6dad3d52e,28/03/2025 17:18:57,EyeBall,1,15.000779151916504,1,0,0,1,0,1,,True
my_unique_key,9893187d5c79cee1db302548692c2ef6dad3d52e,28/03/2025 17:19:12,EyeBall,1,30.00252342224121,1,0,0,1,0,1,,True
my_unique_key,82902ae87cd4af8ade47d7f34530c82076045f11,28/03/2025 19:32:42,EyeBall,1,15.000113487243652,0,0,0,0,0,0,,True
my_unique_key,82902ae87cd4af8ade47d7f34530c82076045f11,28/03/2025 19:32:57,EyeBall,1,30.004331588745117,0,0,0,0,0,0,,True
my_unique_key,82902ae87cd4af8ade47d7f34530c82076045f11,28/03/2025 19:36:41,EyeBall,1,15.003993034362793,0,0,0,0,0,0,,False
my_unique_key,82902ae87cd4af8ade47d7f34530c82076045f11,28/03/2025 19:36:56,EyeBall,1,30.00868797302246,0,0,0,0,0,0,,False
my_unique_key,82902ae87cd4af8ade47d7f34530c82076045f11,28/03/2025 19:37:11,EyeBall,1,45.01563262939453,0,0,0,0,0,0,,False
my_unique_key,82902ae87cd4af8ade47d7f34530c82076045f11,28/03/2025 19:37:26,EyeBall,1,60.01771926879883,0,0,0,0,0,0,,False
my_unique_key,82902ae87cd4af8ade47d7f34530c82076045f11,28/03/2025 19:37:41,EyeBall,1,75.02461242675781,0,0,0,0,0,0,,False
my_unique_key,82902ae87cd4af8ade47d7f34530c82076045f11,28/03/2025 19:37:56,EyeBall,1,90.02865600585938,0,0,0,0,0,0,,False
my_unique_key,82902ae87cd4af8ade47d7f34530c82076045f11,28/03/2025 19:38:11,EyeBall,1,105.03691864013672,0,0,0,0,0,0,,False
my_unique_key,82902ae87cd4af8ade47d7f34530c82076045f11,28/03/2025 19:39:23,EyeBall,1,15.001819610595703,0,0,0,0,0,0,,True
my_unique_key,82902ae87cd4af8ade47d7f34530c82076045f11,28/03/2025 19:39:38,EyeBall,1,30.003992080688477,0,0,0,0,0,0,,True
my_unique_key,82902ae87cd4af8ade47d7f34530c82076045f11,28/03/2025 19:40:19,EyeBall,1,15.002026557922363,0,0,0,0,0,0,,True
my_unique_key,82902ae87cd4af8ade47d7f34530c82076045f11,28/03/2025 20:12:19,EyeBall,1,15.000992774963379,0,0,0,0,0,0,,False
my_unique_key,82902ae87cd4af8ade47d7f34530c82076045f11,28/03/2025 20:16:45,EyeBall,1,15.00243091583252,0,0,0,0,0,0,,True
my_unique_key,82902ae87cd4af8ade47d7f34530c82076045f11,28/03/2025 20:17:01,EyeBall,1,30.00417709350586,0,0,0,0,0,0,,True
my_unique_key,207A9962-6692-42E8-9293-5DC8533983B6,,,0,5.489834785461426,1,1,0,,,,,
my_unique_key,207A9962-6692-42E8-9293-5DC8533983B6,,,0,15.025676727294922,1,1,0,,,,,
my_unique_key,207A9962-6692-42E8-9293-5DC8533983B6,,,0,30.0330867767334,1,1,0,,,,,
my_unique_key,207A9962-6692-42E8-9293-5DC8533983B6,,,0,45.04048538208008,1,1,0,,,,,
my_unique_key,207A9962-6692-42E8-9293-5DC8533983B6,,,0,60.047874450683594,1,1,0,,,,,
my_unique_key,207A9962-6692-42E8-9293-5DC8533983B6,,,0,75.05530548095703,1,1,0,,,,,
my_unique_key,207A9962-6692-42E8-9293-5DC8533983B6,,,0,90.06266784667969,1,1,0,,,,,
my_unique_key,207A9962-6692-42E8-9293-5DC8533983B6,,,0,105.07012939453125,1,1,0,,,,,
my_unique_key,207A9962-6692-42E8-9293-5DC8533983B6,,,0,120.07759857177734,1,1,0,,,,,
my_unique_key,207A9962-6692-42E8-9293-5DC8533983B6,,,0,135.0850067138672,1,1,0,,,,,
my_unique_key,9893187d5c79cee1db302548692c2ef6dad3d52e,31/03/2025 14:14:55,EyeBall,1,15.00016975402832,0,0,0,0,0,0,,False
my_unique_key,9893187d5c79cee1db302548692c2ef6dad3d52e,31/03/2025 14:15:10,EyeBall,1,30.001514434814453,0,0,0,0,0,0,,False
my_unique_key,9893187d5c79cee1db302548692c2ef6dad3d52e,31/03/2025 14:15:32,BigToe,1,15.000114440917969,0,0,0,0,0,0,,False
my_unique_key,9893187d5c79cee1db302548692c2ef6dad3d52e,31/03/2025 14:15:47,BigToe,1,30.000852584838867,0,0,0,0,0,0,,False
my_unique_key,9893187d5c79cee1db302548692c2ef6dad3d52e,31/03/2025 14:15:51,BigToe,1,33.920166015625,1,0,1,0,0,1,,False
my_unique_key,9893187d5c79cee1db302548692c2ef6dad3d52e,31/03/2025 14:16:02,BigToe,1,45.001468658447266,1,0,1,0,0,1,,False
my_unique_key,9893187d5c79cee1db302548692c2ef6dad3d52e,31/03/2025 14:16:12,Bladder,1,6.1036577224731445,1,0,1,0,0,1,,False
my_unique_key,9893187d5c79cee1db302548692c2ef6dad3d52e,31/03/2025 14:16:21,Bladder,1,15.001409530639648,1,0,1,0,0,1,,False
my_unique_key,9893187d5c79cee1db302548692c2ef6dad3d52e,31/03/2025 14:16:36,Bladder,1,30.001659393310547,1,0,1,0,0,1,,False
my_unique_key,9893187d5c79cee1db302548692c2ef6dad3d52e,31/03/2025 14:16:51,Bladder,1,45.00189971923828,1,0,1,0,0,1,,False
my_unique_key,9893187d5c79cee1db302548692c2ef6dad3d52e,31/03/2025 14:17:02,Bladder,1,55.95569610595703,2,0,1,1,0,2,,False
my_unique_key,9893187d5c79cee1db302548692c2ef6dad3d52e,31/03/2025 14:17:04,Bladder,1,58.173580169677734,3,1,1,1,0,3,,False
my_unique_key,9893187d5c79cee1db302548692c2ef6dad3d52e,31/03/2025 14:17:06,Bladder,1,60.002769470214844,3,1,1,1,0,3,,False
my_unique_key,9893187d5c79cee1db302548692c2ef6dad3d52e,31/03/2025 14:17:21,Bladder,1,75.00299835205078,3,1,1,1,0,3,,False
my_unique_key,9893187d5c79cee1db302548692c2ef6dad3d52e,31/03/2025 14:17:24,Bladder,1,78.33383178710938,4,1,2,1,0,4,,False
my_unique_key,9893187d5c79cee1db302548692c2ef6dad3d52e,31/03/2025 14:17:36,Bladder,1,90.00366973876953,4,1,2,1,0,4,,False
my_unique_key,9893187d5c79cee1db302548692c2ef6dad3d52e,31/03/2025 14:17:51,Bladder,1,105.00555419921875,4,1,2,1,0,4,,False
my_unique_key,9893187d5c79cee1db302548692c2ef6dad3d52e,31/03/2025 14:18:06,Bladder,1,120.0066146850586,4,1,2,1,0,4,,False
my_unique_key,9893187d5c79cee1db302548692c2ef6dad3d52e,31/03/2025 14:18:21,Bladder,1,135.0081024169922,4,1,2,1,0,4,,False
my_unique_key,9893187d5c79cee1db302548692c2ef6dad3d52e,31/03/2025 14:18:36,Bladder,1,150.0086212158203,4,1,2,1,0,4,,False
my_unique_key,9893187d5c79cee1db302548692c2ef6dad3d52e,31/03/2025 14:18:46,Bladder,1,160.2201690673828,5,1,3,1,0,5,,False
my_unique_key,9893187d5c79cee1db302548692c2ef6dad3d52e,31/03/2025 14:18:51,Bladder,1,165.00924682617188,5,1,3,1,0,5,,False
my_unique_key,9893187d5c79cee1db302548692c2ef6dad3d52e,31/03/2025 14:19:06,Bladder,1,180.0107421875,5,1,3,1,0,5,,False
my_unique_key,9893187d5c79cee1db302548692c2ef6dad3d52e,31/03/2025 14:19:21,Bladder,1,195.0113983154297,5,1,3,1,0,5,,False
my_unique_key,9893187d5c79cee1db302548692c2ef6dad3d52e,31/03/2025 14:19:36,Bladder,1,210.01214599609375,5,1,3,1,0,5,,False
my_unique_key,9893187d5c79cee1db302548692c2ef6dad3d52e,31/03/2025 14:19:46,Bladder,1,220.3354034423828,6,1,4,1,0,6,,False
my_unique_key,9893187d5c79cee1db302548692c2ef6dad3d52e,31/03/2025 14:19:51,Bladder,1,225.0133514404297,6,1,4,1,0,6,,False
my_unique_key,9893187d5c79cee1db302548692c2ef6dad3d52e,31/03/2025 14:20:06,Bladder,1,240.0135955810547,6,1,4,1,0,6,,False
my_unique_key,9893187d5c79cee1db302548692c2ef6dad3d52e,31/03/2025 14:28:36,EyeBall,1,15.001351356506348,0,0,0,0,0,0,,True
my_unique_key,9893187d5c79cee1db302548692c2ef6dad3d52e,31/03/2025 14:29:03,EyeBall,1,30.0037784576416,0,0,0,0,0,0,,True
my_unique_key,9893187d5c79cee1db302548692c2ef6dad3d52e,31/03/2025 14:31:47,Menu,1,15.001180648803711,0,0,0,0,0,0,,True
my_unique_key,9893187d5c79cee1db302548692c2ef6dad3d52e,31/03/2025 14:32:02,Menu,1,30.002914428710938,0,0,0,0,0,0,,True
my_unique_key,82902ae87cd4af8ade47d7f34530c82076045f11,31/03/2025 15:06:43,EyeBall,1,3.659348726272583,0,0,0,0,0,0,0,True
my_unique_key,82902ae87cd4af8ade47d7f34530c82076045f11,31/03/2025 15:06:47,EyeBall,1,8.105051040649414,0,0,0,0,0,0,6,True
my_unique_key,82902ae87cd4af8ade47d7f34530c82076045f11,31/03/2025 15:06:49,EyeBall,1,10.119373321533203,0,0,0,0,0,0,12,True
my_unique_key,82902ae87cd4af8ade47d7f34530c82076045f11,31/03/2025 15:06:52,EyeBall,1,12.574098587036133,0,0,0,0,0,0,18,True
my_unique_key,82902ae87cd4af8ade47d7f34530c82076045f11,31/03/2025 15:06:54,EyeBall,1,15.000506401062012,0,0,0,0,0,0,25,True
my_unique_key,82902ae87cd4af8ade47d7f34530c82076045f11,31/03/2025 15:06:58,EyeBall,1,18.383689880371094,0,0,0,0,0,0,25,True
my_unique_key,82902ae87cd4af8ade47d7f34530c82076045f11,31/03/2025 15:07:09,EyeBall,1,30.000701904296875,0,0,0,0,0,0,31,True
my_unique_key,82902ae87cd4af8ade47d7f34530c82076045f11,31/03/2025 15:38:04,EyeBall,1,2.9712440967559814,0,0,0,0,0,0,0,False
my_unique_key,82902ae87cd4af8ade47d7f34530c82076045f11,31/03/2025 15:38:09,EyeBall,1,7.717467308044434,0,0,0,0,0,0,6,False
my_unique_key,82902ae87cd4af8ade47d7f34530c82076045f11,31/03/2025 15:38:10,EyeBall,1,8.502198219299316,0,0,0,0,0,0,12,False
my_unique_key,82902ae87cd4af8ade47d7f34530c82076045f11,31/03/2025 15:40:07,EyeBall,1,2.7288658618927,0,0,0,0,0,0,0,True
my_unique_key,82902ae87cd4af8ade47d7f34530c82076045f11,31/03/2025 15:40:11,EyeBall,1,6.242972373962402,0,0,0,0,0,0,6,True
my_unique_key,82902ae87cd4af8ade47d7f34530c82076045f11,31/03/2025 15:40:14,EyeBall,1,9.40681266784668,0,0,0,0,0,0,12,True
my_unique_key,82902ae87cd4af8ade47d7f34530c82076045f11,31/03/2025 15:40:16,EyeBall,1,11.278560638427734,0,0,0,0,0,0,18,True
my_unique_key,82902ae87cd4af8ade47d7f34530c82076045f11,31/03/2025 15:40:17,EyeBall,1,12.987534523010254,0,0,0,0,0,0,25,True
my_unique_key,82902ae87cd4af8ade47d7f34530c82076045f11,31/03/2025 15:40:19,EyeBall,1,14.586523056030273,0,0,0,0,0,0,31,True
my_unique_key,82902ae87cd4af8ade47d7f34530c82076045f11,31/03/2025 15:40:19,EyeBall,1,15.000238418579102,0,0,0,0,0,0,37,True
my_unique_key,82902ae87cd4af8ade47d7f34530c82076045f11,31/03/2025 15:40:20,EyeBall,1,15.64361572265625,0,0,0,0,0,0,37,True
my_unique_key,82902ae87cd4af8ade47d7f34530c82076045f11,31/03/2025 15:40:22,EyeBall,1,17.201759338378906,0,0,0,0,0,0,43,True
my_unique_key,82902ae87cd4af8ade47d7f34530c82076045f11,31/03/2025 15:40:23,EyeBall,1,18.725875854492188,0,0,0,0,0,0,50,True
my_unique_key,82902ae87cd4af8ade47d7f34530c82076045f11,31/03/2025 15:40:26,EyeBall,1,21.264314651489258,0,0,0,0,0,0,56,True
my_unique_key,82902ae87cd4af8ade47d7f34530c82076045f11,31/03/2025 15:40:27,EyeBall,1,22.93025016784668,0,0,0,0,0,0,62,True
my_unique_key,82902ae87cd4af8ade47d7f34530c82076045f11,31/03/2025 15:40:29,EyeBall,1,24.727195739746094,0,0,0,0,0,0,68,True
my_unique_key,82902ae87cd4af8ade47d7f34530c82076045f11,31/03/2025 15:40:31,EyeBall,1,26.506999969482422,0,0,0,0,0,0,75,True
my_unique_key,82902ae87cd4af8ade47d7f34530c82076045f11,31/03/2025 15:40:33,EyeBall,1,28.607412338256836,0,0,0,0,0,0,81,True
my_unique_key,82902ae87cd4af8ade47d7f34530c82076045f11,31/03/2025 15:40:34,EyeBall,1,30.000350952148438,0,0,0,0,0,0,87,True
my_unique_key,82902ae87cd4af8ade47d7f34530c82076045f11,31/03/2025 15:40:34,EyeBall,1,30.046566009521484,0,0,0,0,0,0,87,True
my_unique_key,82902ae87cd4af8ade47d7f34530c82076045f11,31/03/2025 15:40:36,EyeBall,1,31.448606491088867,0,0,0,0,0,0,93,True
my_unique_key,82902ae87cd4af8ade47d7f34530c82076045f11,31/03/2025 15:41:09,Bladder,1,3.2367396354675293,0,0,0,0,0,0,0,True
my_unique_key,208168a9b9d2d96c6e3618d6e4a311d6,,,0,15.003704071044922,1,0,0,,,,,
my_unique_key,82902ae87cd4af8ade47d7f34530c82076045f11,31/03/2025 16:58:46,EyeBall,1,5.023380756378174,0,0,0,0,0,0,0,False
my_unique_key,82902ae87cd4af8ade47d7f34530c82076045f11,31/03/2025 16:58:46,EyeBall,1,5.276681900024414,0,0,0,0,0,0,6,False
my_unique_key,82902ae87cd4af8ade47d7f34530c82076045f11,31/03/2025 16:58:50,EyeBall,1,9.170482635498047,0,0,0,0,0,0,12,False
my_unique_key,82902ae87cd4af8ade47d7f34530c82076045f11,31/03/2025 16:58:52,EyeBall,1,11.560526847839355,0,0,0,0,0,0,18,False
my_unique_key,82902ae87cd4af8ade47d7f34530c82076045f11,31/03/2025 16:58:56,EyeBall,1,15.000930786132812,0,0,0,0,0,0,25,False
my_unique_key,82902ae87cd4af8ade47d7f34530c82076045f11,31/03/2025 16:58:56,EyeBall,1,15.116962432861328,0,0,0,0,0,0,25,False
my_unique_key,82902ae87cd4af8ade47d7f34530c82076045f11,31/03/2025 16:58:59,EyeBall,1,18.026704788208008,0,0,0,0,0,0,31,False
my_unique_key,82902ae87cd4af8ade47d7f34530c82076045f11,31/03/2025 16:59:00,EyeBall,1,18.97903823852539,0,0,0,0,0,0,37,False
my_unique_key,82902ae87cd4af8ade47d7f34530c82076045f11,31/03/2025 16:59:03,EyeBall,1,21.882381439208984,0,0,0,0,0,0,43,False
my_unique_key,82902ae87cd4af8ade47d7f34530c82076045f11,31/03/2025 16:59:06,EyeBall,1,24.749773025512695,0,0,0,0,0,0,50,False
my_unique_key,82902ae87cd4af8ade47d7f34530c82076045f11,31/03/2025 16:59:09,EyeBall,1,28.0726375579834,0,0,0,0,0,0,56,False
my_unique_key,82902ae87cd4af8ade47d7f34530c82076045f11,31/03/2025 16:59:11,EyeBall,1,30.000965118408203,0,0,0,0,0,0,62,False
my_unique_key,82902ae87cd4af8ade47d7f34530c82076045f11,31/03/2025 16:59:12,EyeBall,1,31.256263732910156,0,0,0,0,0,0,62,False
my_unique_key,82902ae87cd4af8ade47d7f34530c82076045f11,31/03/2025 16:59:14,EyeBall,1,33.54097366333008,0,0,0,0,0,0,68,False
my_unique_key,82902ae87cd4af8ade47d7f34530c82076045f11,31/03/2025 16:59:18,EyeBall,1,36.66301727294922,0,0,0,0,0,0,75,False
my_unique_key,82902ae87cd4af8ade47d7f34530c82076045f11,31/03/2025 16:59:21,EyeBall,1,39.911014556884766,0,0,0,0,0,0,81,False
my_unique_key,82902ae87cd4af8ade47d7f34530c82076045f11,31/03/2025 16:59:22,EyeBall,1,40.71986770629883,0,0,0,0,0,0,87,False
my_unique_key,82902ae87cd4af8ade47d7f34530c82076045f11,31/03/2025 16:59:25,EyeBall,1,44.35081481933594,0,0,0,0,0,0,93,False
my_unique_key,82902ae87cd4af8ade47d7f34530c82076045f11,31/03/2025 16:59:26,EyeBall,1,45.00110626220703,0,0,0,0,0,0,100,False
my_unique_key,82902ae87cd4af8ade47d7f34530c82076045f11,31/03/2025 18:42:55,EyeBall,1,4.693772792816162,0,0,0,0,0,0,0,False
my_unique_key,82902ae87cd4af8ade47d7f34530c82076045f11,31/03/2025 18:42:57,EyeBall,1,6.852905750274658,1,0,1,0,0,1,6,False
my_unique_key,82902ae87cd4af8ade47d7f34530c82076045f11,31/03/2025 18:43:03,EyeBall,1,12.669305801391602,1,0,1,0,0,1,6,False
my_unique_key,82902ae87cd4af8ade47d7f34530c82076045f11,31/03/2025 18:43:05,EyeBall,1,15.000929832458496,1,0,1,0,0,1,12,False
my_unique_key,82902ae87cd4af8ade47d7f34530c82076045f11,31/03/2025 18:43:06,EyeBall,1,15.690194129943848,1,0,1,0,0,1,12,False
my_unique_key,82902ae87cd4af8ade47d7f34530c82076045f11,31/03/2025 18:43:09,EyeBall,1,18.671281814575195,1,0,1,0,0,1,18,False
my_unique_key,82902ae87cd4af8ade47d7f34530c82076045f11,31/03/2025 18:43:12,EyeBall,1,21.73297119140625,1,0,1,0,0,1,25,False
my_unique_key,82902ae87cd4af8ade47d7f34530c82076045f11,31/03/2025 18:43:14,EyeBall,1,24.23297691345215,1,0,1,0,0,1,31,False
my_unique_key,82902ae87cd4af8ade47d7f34530c82076045f11,31/03/2025 18:43:16,EyeBall,1,26.14305877685547,1,0,1,0,0,1,37,False
my_unique_key,82902ae87cd4af8ade47d7f34530c82076045f11,31/03/2025 18:43:19,EyeBall,1,29.33403968811035,1,0,1,0,0,1,43,False
my_unique_key,82902ae87cd4af8ade47d7f34530c82076045f11,31/03/2025 18:43:20,EyeBall,1,30.001811981201172,1,0,1,0,0,1,50,False
my_unique_key,82902ae87cd4af8ade47d7f34530c82076045f11,31/03/2025 18:43:22,EyeBall,1,31.954334259033203,1,0,1,0,0,1,50,False
my_unique_key,82902ae87cd4af8ade47d7f34530c82076045f11,31/03/2025 18:43:26,EyeBall,1,35.57712936401367,1,0,1,0,0,1,56,False
my_unique_key,82902ae87cd4af8ade47d7f34530c82076045f11,31/03/2025 18:43:26,EyeBall,1,36.219276428222656,1,0,1,0,0,1,62,False
my_unique_key,82902ae87cd4af8ade47d7f34530c82076045f11,31/03/2025 18:43:30,EyeBall,1,39.64921951293945,1,0,1,0,0,1,68,False
my_unique_key,82902ae87cd4af8ade47d7f34530c82076045f11,31/03/2025 18:43:32,EyeBall,1,42.25770950317383,1,0,1,0,0,1,75,False
my_unique_key,82902ae87cd4af8ade47d7f34530c82076045f11,31/03/2025 18:43:35,EyeBall,1,45.00224685668945,1,0,1,0,0,1,81,False
my_unique_key,82902ae87cd4af8ade47d7f34530c82076045f11,31/03/2025 18:43:35,EyeBall,1,45.35133361816406,1,0,1,0,0,1,81,False
my_unique_key,82902ae87cd4af8ade47d7f34530c82076045f11,31/03/2025 18:43:37,EyeBall,1,46.77910232543945,1,0,1,0,0,1,87,False
my_unique_key,82902ae87cd4af8ade47d7f34530c82076045f11,31/03/2025 18:43:40,EyeBall,1,49.693302154541016,1,0,1,0,0,1,93,False
my_unique_key,82902ae87cd4af8ade47d7f34530c82076045f11,31/03/2025 18:47:08,EyeBall,1,1.9327298402786255,1,0,1,0,0,1,0,False
my_unique_key,82902ae87cd4af8ade47d7f34530c82076045f11,31/03/2025 18:47:10,EyeBall,1,4.522536277770996,1,0,1,0,0,1,0,False
my_unique_key,82902ae87cd4af8ade47d7f34530c82076045f11,31/03/2025 18:47:12,EyeBall,1,6.137545108795166,1,0,1,0,0,1,6,False
my_unique_key,82902ae87cd4af8ade47d7f34530c82076045f11,31/03/2025 18:47:14,EyeBall,1,8.301578521728516,1,0,1,0,0,1,12,False
my_unique_key,82902ae87cd4af8ade47d7f34530c82076045f11,31/03/2025 18:47:16,EyeBall,1,10.434576988220215,1,0,1,0,0,1,18,False
my_unique_key,82902ae87cd4af8ade47d7f34530c82076045f11,31/03/2025 18:47:20,EyeBall,1,13.732707023620605,1,0,1,0,0,1,25,False
my_unique_key,82902ae87cd4af8ade47d7f34530c82076045f11,31/03/2025 18:47:21,EyeBall,1,14.74416446685791,1,0,1,0,0,1,31,False
my_unique_key,82902ae87cd4af8ade47d7f34530c82076045f11,31/03/2025 18:47:21,EyeBall,1,15.000770568847656,1,0,1,0,0,1,37,False
my_unique_key,82902ae87cd4af8ade47d7f34530c82076045f11,31/03/2025 18:47:23,EyeBall,1,17.191421508789062,1,0,1,0,0,1,37,False
my_unique_key,82902ae87cd4af8ade47d7f34530c82076045f11,31/03/2025 18:47:25,EyeBall,1,19.231216430664062,1,0,1,0,0,1,43,False
my_unique_key,82902ae87cd4af8ade47d7f34530c82076045f11,31/03/2025 18:47:27,EyeBall,1,21.43627166748047,1,0,1,0,0,1,50,False
my_unique_key,82902ae87cd4af8ade47d7f34530c82076045f11,31/03/2025 18:47:29,EyeBall,1,23.45368194580078,1,0,1,0,0,1,56,False
my_unique_key,82902ae87cd4af8ade47d7f34530c82076045f11,31/03/2025 18:47:31,EyeBall,1,25.551565170288086,1,0,1,0,0,1,62,False
my_unique_key,82902ae87cd4af8ade47d7f34530c82076045f11,31/03/2025 18:47:34,EyeBall,1,28.074207305908203,1,0,1,0,0,1,68,False
my_unique_key,82902ae87cd4af8ade47d7f34530c82076045f11,31/03/2025 18:47:36,EyeBall,1,30.001644134521484,1,0,1,0,0,1,75,False
my_unique_key,82902ae87cd4af8ade47d7f34530c82076045f11,31/03/2025 18:47:36,EyeBall,1,30.37156867980957,1,0,1,0,0,1,75,False
my_unique_key,82902ae87cd4af8ade47d7f34530c82076045f11,31/03/2025 18:47:37,EyeBall,1,31.082813262939453,1,0,1,0,0,1,81,False
my_unique_key,82902ae87cd4af8ade47d7f34530c82076045f11,31/03/2025 18:47:39,EyeBall,1,33.38869094848633,1,0,1,0,0,1,87,False
my_unique_key,82902ae87cd4af8ade47d7f34530c82076045f11,31/03/2025 18:47:41,EyeBall,1,35.455322265625,1,0,1,0,0,1,93,False
my_unique_key,82902ae87cd4af8ade47d7f34530c82076045f11,31/03/2025 18:47:46,BigToe,1,1.9952300786972046,1,0,1,0,0,1,0,False
my_unique_key,82902ae87cd4af8ade47d7f34530c82076045f11,31/03/2025 18:47:49,BigToe,1,4.252667427062988,1,0,1,0,0,1,0,False
my_unique_key,82902ae87cd4af8ade47d7f34530c82076045f11,31/03/2025 18:47:53,BigToe,1,8.242868423461914,1,0,1,0,0,1,6,False
my_unique_key,82902ae87cd4af8ade47d7f34530c82076045f11,31/03/2025 18:47:56,BigToe,1,11.041702270507812,1,0,1,0,0,1,12,False
my_unique_key,82902ae87cd4af8ade47d7f34530c82076045f11,31/03/2025 18:47:58,BigToe,1,13.457123756408691,1,0,1,0,0,1,18,False
my_unique_key,82902ae87cd4af8ade47d7f34530c82076045f11,31/03/2025 18:47:59,BigToe,1,15.000831604003906,1,0,1,0,0,1,25,False
my_unique_key,82902ae87cd4af8ade47d7f34530c82076045f11,31/03/2025 18:48:00,BigToe,1,15.398493766784668,1,0,1,0,0,1,25,False
my_unique_key,82902ae87cd4af8ade47d7f34530c82076045f11,31/03/2025 18:48:02,BigToe,1,17.455326080322266,1,0,1,0,0,1,31,False
my_unique_key,82902ae87cd4af8ade47d7f34530c82076045f11,31/03/2025 18:48:03,BigToe,1,18.97606658935547,1,0,1,0,0,1,37,False
my_unique_key,82902ae87cd4af8ade47d7f34530c82076045f11,31/03/2025 18:48:06,BigToe,1,21.159730911254883,1,0,1,0,0,1,43,False
my_unique_key,82902ae87cd4af8ade47d7f34530c82076045f11,31/03/2025 18:48:08,BigToe,1,23.214111328125,1,0,1,0,0,1,50,False
my_unique_key,82902ae87cd4af8ade47d7f34530c82076045f11,31/03/2025 18:48:10,BigToe,1,25.480762481689453,1,0,1,0,0,1,56,False
my_unique_key,82902ae87cd4af8ade47d7f34530c82076045f11,31/03/2025 18:48:13,BigToe,1,28.172592163085938,1,0,1,0,0,1,62,False
my_unique_key,82902ae87cd4af8ade47d7f34530c82076045f11,31/03/2025 18:48:14,BigToe,1,29.492938995361328,1,0,1,0,0,1,68,False
my_unique_key,82902ae87cd4af8ade47d7f34530c82076045f11,31/03/2025 18:48:14,BigToe,1,30.000913619995117,1,0,1,0,0,1,75,False
my_unique_key,82902ae87cd4af8ade47d7f34530c82076045f11,31/03/2025 18:48:16,BigToe,1,31.368135452270508,1,0,1,0,0,1,75,False
my_unique_key,82902ae87cd4af8ade47d7f34530c82076045f11,31/03/2025 18:48:17,BigToe,1,32.909393310546875,1,0,1,0,0,1,81,False
my_unique_key,82902ae87cd4af8ade47d7f34530c82076045f11,31/03/2025 18:48:19,BigToe,1,34.991851806640625,1,0,1,0,0,1,87,False
my_unique_key,82902ae87cd4af8ade47d7f34530c82076045f11,31/03/2025 18:48:22,BigToe,1,37.622528076171875,1,0,1,0,0,1,93,False
my_unique_key,82902ae87cd4af8ade47d7f34530c82076045f11,31/03/2025 18:48:29,Bladder,1,3.8769683837890625,1,0,1,0,0,1,0,False
my_unique_key,82902ae87cd4af8ade47d7f34530c82076045f11,31/03/2025 18:48:31,Bladder,1,6.22173547744751,1,0,1,0,0,1,0,False
my_unique_key,82902ae87cd4af8ade47d7f34530c82076045f11,31/03/2025 18:48:40,Bladder,1,14.821290016174316,1,0,1,0,0,1,0,False
my_unique_key,82902ae87cd4af8ade47d7f34530c82076045f11,31/03/2025 18:48:40,Bladder,1,15.000380516052246,1,0,1,0,0,1,1,False
my_unique_key,82902ae87cd4af8ade47d7f34530c82076045f11,31/03/2025 18:48:40,Bladder,1,15.164498329162598,1,0,1,0,0,1,1,False
my_unique_key,82902ae87cd4af8ade47d7f34530c82076045f11,31/03/2025 18:50:58,Bladder,1,6.25235652923584,1,1,0,0,0,1,0,False
my_unique_key,82902ae87cd4af8ade47d7f34530c82076045f11,31/03/2025 18:51:07,Bladder,1,15.000948905944824,1,1,0,0,0,1,0,False
my_unique_key,82902ae87cd4af8ade47d7f34530c82076045f11,31/03/2025 18:51:08,Bladder,1,16.428630828857422,2,2,0,0,0,2,0,False
my_unique_key,82902ae87cd4af8ade47d7f34530c82076045f11,31/03/2025 18:51:22,Bladder,1,30.000980377197266,2,2,0,0,0,2,0,False
my_unique_key,82902ae87cd4af8ade47d7f34530c82076045f11,31/03/2025 18:51:37,Bladder,1,45.00199890136719,2,2,0,0,0,2,0,False
my_unique_key,82902ae87cd4af8ade47d7f34530c82076045f11,31/03/2025 22:29:43,EyeBall,1,15.14862060546875,0,0,0,0,0,0,0,False
my_unique_key,82902ae87cd4af8ade47d7f34530c82076045f11,31/03/2025 22:41:27,Arteries,1,15.000438690185547,0,0,0,0,0,0,100,False
my_unique_key,82902ae87cd4af8ade47d7f34530c82076045f11,31/03/2025 22:45:51,Arteries,1,15.000576972961426,0,0,0,0,0,0,0,False
my_unique_key,82902ae87cd4af8ade47d7f34530c82076045f11,31/03/2025 22:48:23,EyeBall,1,5.306727886199951,0,0,0,0,0,0,0,False
my_unique_key,82902ae87cd4af8ade47d7f34530c82076045f11,31/03/2025 22:48:27,BigToe,1,4.026832103729248,0,0,0,0,0,0,0,False
my_unique_key,82902ae87cd4af8ade47d7f34530c82076045f11,31/03/2025 22:48:27,BigToe,1,4.069887161254883,0,0,0,0,0,0,6,False
my_unique_key,9893187d5c79cee1db302548692c2ef6dad3d52e,31/03/2025 23:08:30,EyeBall,1,6.9585723876953125,0,0,0,0,0,0,0,False
my_unique_key,9893187d5c79cee1db302548692c2ef6dad3d52e,31/03/2025 23:08:35,BigToe,1,4.356125354766846,0,0,0,0,0,0,0,False
my_unique_key,9893187d5c79cee1db302548692c2ef6dad3d52e,31/03/2025 23:08:35,BigToe,1,4.356125354766846,0,0,0,0,0,0,0,False
my_unique_key,9893187d5c79cee1db302548692c2ef6dad3d52e,31/03/2025 23:08:37,BigToe,1,6.449416160583496,0,0,0,0,0,0,12,False
my_unique_key,9893187d5c79cee1db302548692c2ef6dad3d52e,31/03/2025 23:08:42,BigToe,1,11.288753509521484,0,0,0,0,0,0,18,False
my_unique_key,9893187d5c79cee1db302548692c2ef6dad3d52e,31/03/2025 23:08:43,BigToe,1,12.598831176757812,0,0,0,0,0,0,25,False
my_unique_key,9893187d5c79cee1db302548692c2ef6dad3d52e,31/03/2025 23:08:46,BigToe,1,15.000346183776855,0,0,0,0,0,0,31,False
my_unique_key,9893187d5c79cee1db302548692c2ef6dad3d52e,31/03/2025 23:08:50,Bladder,1,2.232741594314575,0,0,0,0,0,0,0,False
my_unique_key,9893187d5c79cee1db302548692c2ef6dad3d52e,31/03/2025 23:08:50,Bladder,1,2.232741594314575,0,0,0,0,0,0,0,False
my_unique_key,9893187d5c79cee1db302548692c2ef6dad3d52e,31/03/2025 23:08:52,Bladder,1,3.778050422668457,0,0,0,0,0,0,1,False
my_unique_key,9893187d5c79cee1db302548692c2ef6dad3d52e,31/03/2025 23:08:53,Bladder,1,4.572629928588867,0,0,0,0,0,0,2,False
my_unique_key,9893187d5c79cee1db302548692c2ef6dad3d52e,31/03/2025 23:08:53,Bladder,1,5.071781635284424,0,0,0,0,0,0,3,False
my_unique_key,9893187d5c79cee1db302548692c2ef6dad3d52e,31/03/2025 23:09:14,Arteries,1,15.001261711120605,0,0,0,0,0,0,0,False
my_unique_key,9893187d5c79cee1db302548692c2ef6dad3d52e,31/03/2025 23:09:15,Arteries,1,15.66711139678955,0,0,0,0,0,0,0,False
my_unique_key,9893187d5c79cee1db302548692c2ef6dad3d52e,31/03/2025 23:09:22,Arteries,1,22.47757339477539,0,0,0,0,0,0,1,False
my_unique_key,9893187d5c79cee1db302548692c2ef6dad3d52e,31/03/2025 23:09:29,Arteries,1,30.002151489257812,0,0,0,0,0,0,3,False
my_unique_key,9893187d5c79cee1db302548692c2ef6dad3d52e,31/03/2025 23:09:44,Arteries,1,45.00432205200195,0,0,0,0,0,0,3,False
my_unique_key,D1312F49-D332-4ECF-A7A3-D769F9ACBE3E,,,0,15.027558326721191,1,0,0,,,,,
my_unique_key,D1312F49-D332-4ECF-A7A3-D769F9ACBE3E,,,0,30.035070419311523,1,0,0,,,,,
my_unique_key,D1312F49-D332-4ECF-A7A3-D769F9ACBE3E,,,0,45.04267883300781,1,0,0,,,,,
my_unique_key,D1312F49-D332-4ECF-A7A3-D769F9ACBE3E,,,0,60.049827575683594,1,0,0,,,,,
my_unique_key,D1312F49-D332-4ECF-A7A3-D769F9ACBE3E,,,0,75.05724334716797,1,0,0,,,,,
my_unique_key,D1312F49-D332-4ECF-A7A3-D769F9ACBE3E,,,0,90.0648193359375,1,0,0,,,,,
my_unique_key,82902ae87cd4af8ade47d7f34530c82076045f11,05/04/2025 12:39:33,EyeBall,1,5.50383996963501,0,0,0,0,0,0,0,False
my_unique_key,82902ae87cd4af8ade47d7f34530c82076045f11,05/04/2025 12:39:45,BigToe,1,4.668915271759033,0,0,0,0,0,0,0,False
my_unique_key,82902ae87cd4af8ade47d7f34530c82076045f11,05/04/2025 12:39:54,Bladder,1,3.5060112476348877,0,0,0,0,0,0,0,False
my_unique_key,82902ae87cd4af8ade47d7f34530c82076045f11,05/04/2025 12:39:54,Bladder,1,3.523730754852295,0,0,0,0,0,0,0,False
my_unique_key,82902ae87cd4af8ade47d7f34530c82076045f11,05/04/2025 12:39:57,Bladder,1,6.74092435836792,0,0,0,0,0,0,1,False
my_unique_key,82902ae87cd4af8ade47d7f34530c82076045f11,05/04/2025 12:39:57,Bladder,1,7.258317470550537,1,0,1,0,0,1,2,False
my_unique_key,82902ae87cd4af8ade47d7f34530c82076045f11,05/04/2025 12:39:58,Bladder,1,7.368249416351318,1,0,1,0,0,1,2,False
my_unique_key,82902ae87cd4af8ade47d7f34530c82076045f11,05/04/2025 12:40:04,Bladder,1,14.04481315612793,1,0,1,0,0,1,3,False
my_unique_key,82902ae87cd4af8ade47d7f34530c82076045f11,05/04/2025 12:40:05,Bladder,1,15.000436782836914,1,0,1,0,0,1,4,False
my_unique_key,82902ae87cd4af8ade47d7f34530c82076045f11,05/04/2025 12:40:09,Arteries,1,3.616410732269287,0,0,0,0,0,0,0,False
my_unique_key,82902ae87cd4af8ade47d7f34530c82076045f11,05/04/2025 12:48:03,BigToe,1,13.351292610168457,0,0,0,0,0,0,0,False
my_unique_key,82902ae87cd4af8ade47d7f34530c82076045f11,05/04/2025 13:18:56,Arteries,1,15.00102710723877,0,0,0,0,0,0,0,False
my_unique_key,82902ae87cd4af8ade47d7f34530c82076045f11,05/04/2025 13:19:01,Arteries,1,19.687808990478516,0,0,0,0,0,0,0,False
my_unique_key,82902ae87cd4af8ade47d7f34530c82076045f11,05/04/2025 13:19:08,Arteries,1,27.448747634887695,0,0,0,0,0,0,1,False
my_unique_key,82902ae87cd4af8ade47d7f34530c82076045f11,05/04/2025 13:19:09,Arteries,1,28.225025177001953,0,0,0,1,0,0,3,False
my_unique_key,82902ae87cd4af8ade47d7f34530c82076045f11,05/04/2025 13:19:11,Arteries,1,30.001667022705078,0,0,0,1,0,0,3,False
my_unique_key,82902ae87cd4af8ade47d7f34530c82076045f11,05/04/2025 13:32:24,Arteries,1,15.000872611999512,0,0,0,0,0,0,0,False
my_unique_key,82902ae87cd4af8ade47d7f34530c82076045f11,05/04/2025 13:32:29,Arteries,1,19.85106658935547,0,0,0,0,0,0,0,False
my_unique_key,82902ae87cd4af8ade47d7f34530c82076045f11,05/04/2025 13:32:29,Arteries,1,19.85106658935547,0,0,0,0,0,0,0,False
my_unique_key,82902ae87cd4af8ade47d7f34530c82076045f11,05/04/2025 13:32:31,Arteries,1,21.441957473754883,0,0,1,0,0,0,3,False
my_unique_key,82902ae87cd4af8ade47d7f34530c82076045f11,05/04/2025 13:45:15,EyeBall,1,15.002185821533203,0,0,0,0,0,0,0,False
my_unique_key,82902ae87cd4af8ade47d7f34530c82076045f11,05/04/2025 13:48:41,EyeBall,1,5.2396721839904785,0,0,0,0,1,1,0,False
my_unique_key,82902ae87cd4af8ade47d7f34530c82076045f11,05/04/2025 13:48:43,EyeBall,1,7.129568099975586,0,0,0,0,2,2,0,False
my_unique_key,82902ae87cd4af8ade47d7f34530c82076045f11,05/04/2025 13:48:45,EyeBall,1,9.18400764465332,0,0,0,0,3,3,0,False
my_unique_key,82902ae87cd4af8ade47d7f34530c82076045f11,05/04/2025 13:48:46,EyeBall,1,10.204328536987305,0,0,0,0,4,4,0,False
my_unique_key,82902ae87cd4af8ade47d7f34530c82076045f11,05/04/2025 13:48:48,EyeBall,1,12.867036819458008,0,0,0,0,5,5,0,False
my_unique_key,82902ae87cd4af8ade47d7f34530c82076045f11,05/04/2025 13:48:50,EyeBall,1,15.000189781188965,0,0,0,0,5,5,0,False
my_unique_key,82902ae87cd4af8ade47d7f34530c82076045f11,05/04/2025 13:48:52,EyeBall,1,16.399015426635742,0,0,0,0,6,6,0,False
my_unique_key,82902ae87cd4af8ade47d7f34530c82076045f11,05/04/2025 13:50:13,EyeBall,1,1.3566526174545288,0,0,0,0,1,1,0,False
my_unique_key,82902ae87cd4af8ade47d7f34530c82076045f11,05/04/2025 13:50:14,EyeBall,1,2.233121156692505,0,0,0,0,2,2,0,False
my_unique_key,82902ae87cd4af8ade47d7f34530c82076045f11,05/04/2025 13:50:15,EyeBall,1,2.9148969650268555,0,0,0,0,3,3,0,False
my_unique_key,82902ae87cd4af8ade47d7f34530c82076045f11,05/04/2025 13:50:26,BigToe,1,2.8352465629577637,0,0,0,0,1,1,0,False
my_unique_key,82902ae87cd4af8ade47d7f34530c82076045f11,05/04/2025 13:50:27,BigToe,1,3.855059862136841,0,0,0,0,2,2,0,False
my_unique_key,82902ae87cd4af8ade47d7f34530c82076045f11,05/04/2025 13:50:31,BigToe,1,8.357081413269043,0,0,0,0,2,2,0,False
my_unique_key,82902ae87cd4af8ade47d7f34530c82076045f11,05/04/2025 13:50:32,BigToe,1,8.812190055847168,0,0,0,0,3,3,6,False
my_unique_key,82902ae87cd4af8ade47d7f34530c82076045f11,05/04/2025 13:50:38,BigToe,1,15.001273155212402,0,0,0,1,3,3,6,False
my_unique_key,82902ae87cd4af8ade47d7f34530c82076045f11,05/04/2025 13:50:58,BigToe,1,30.00230598449707,0,1,0,1,3,3,6,False
my_unique_key,82902ae87cd4af8ade47d7f34530c82076045f11,05/04/2025 13:51:13,BigToe,1,45.002960205078125,0,2,0,1,3,3,6,False
my_unique_key,82902ae87cd4af8ade47d7f34530c82076045f11,05/04/2025 13:51:28,BigToe,1,60.003196716308594,0,2,0,1,3,3,6,False
my_unique_key,82902ae87cd4af8ade47d7f34530c82076045f11,05/04/2025 13:51:43,BigToe,1,75.00300598144531,0,2,0,1,3,3,6,False
my_unique_key,82902ae87cd4af8ade47d7f34530c82076045f11,05/04/2025 13:52:12,BigToe,1,90.0029525756836,0,3,1,1,3,3,6,False
my_unique_key,82902ae87cd4af8ade47d7f34530c82076045f11,05/04/2025 13:52:14,BigToe,1,91.85334014892578,0,3,1,1,3,3,6,False
my_unique_key,82902ae87cd4af8ade47d7f34530c82076045f11,05/04/2025 13:53:37,BigToe,1,105.00350189208984,0,3,1,1,3,3,12,False
my_unique_key,82902ae87cd4af8ade47d7f34530c82076045f11,05/04/2025 13:53:52,BigToe,1,120.0035171508789,0,3,1,1,3,3,12,False
my_unique_key,82902ae87cd4af8ade47d7f34530c82076045f11,05/04/2025 13:54:27,BigToe,1,135.0043182373047,0,3,1,1,3,3,12,False
my_unique_key,82902ae87cd4af8ade47d7f34530c82076045f11,05/04/2025 13:54:42,BigToe,1,150.0053253173828,0,3,1,1,3,3,12,False
my_unique_key,82902ae87cd4af8ade47d7f34530c82076045f11,05/04/2025 13:55:26,BigToe,1,4.993645191192627,0,0,0,0,0,0,0,False
my_unique_key,82902ae87cd4af8ade47d7f34530c82076045f11,05/04/2025 13:55:27,BigToe,1,6.05855131149292,0,0,0,0,1,1,6,False
my_unique_key,82902ae87cd4af8ade47d7f34530c82076045f11,05/04/2025 13:55:36,BigToe,1,15.037458419799805,0,1,0,0,1,1,6,False
my_unique_key,82902ae87cd4af8ade47d7f34530c82076045f11,05/04/2025 13:55:56,BigToe,1,30.007736206054688,0,1,0,0,1,1,6,False
my_unique_key,82902ae87cd4af8ade47d7f34530c82076045f11,05/04/2025 13:55:56,BigToe,1,30.03831672668457,0,1,0,0,1,1,12,False
my_unique_key,82902ae87cd4af8ade47d7f34530c82076045f11,05/04/2025 13:57:32,EyeBall,1,6.105307102203369,0,0,0,0,0,0,0,False
my_unique_key,82902ae87cd4af8ade47d7f34530c82076045f11,05/04/2025 13:57:45,BigToe,1,4.880121231079102,0,0,0,0,0,0,0,False
my_unique_key,82902ae87cd4af8ade47d7f34530c82076045f11,05/04/2025 13:57:45,BigToe,1,5.631357192993164,0,0,0,0,1,1,6,False
my_unique_key,82902ae87cd4af8ade47d7f34530c82076045f11,05/04/2025 13:57:50,BigToe,1,9.764541625976562,0,0,1,0,1,1,6,False
my_unique_key,82902ae87cd4af8ade47d7f34530c82076045f11,05/04/2025 13:57:55,BigToe,1,15.001215934753418,0,0,1,0,1,1,6,False
my_unique_key,82902ae87cd4af8ade47d7f34530c82076045f11,05/04/2025 13:57:57,BigToe,1,16.769731521606445,0,1,1,0,1,1,6,False
my_unique_key,82902ae87cd4af8ade47d7f34530c82076045f11,05/04/2025 13:58:00,BigToe,1,20.32017707824707,0,1,1,0,1,1,6,False
my_unique_key,82902ae87cd4af8ade47d7f34530c82076045f11,05/04/2025 13:58:10,BigToe,1,30.002099990844727,0,1,1,0,1,1,12,False
my_unique_key,82902ae87cd4af8ade47d7f34530c82076045f11,05/04/2025 13:58:11,BigToe,1,31.199552536010742,0,1,1,1,1,1,12,False
my_unique_key,82902ae87cd4af8ade47d7f34530c82076045f11,05/04/2025 13:58:31,Bladder,1,13.471146583557129,0,0,0,0,0,0,0,False
my_unique_key,82902ae87cd4af8ade47d7f34530c82076045f11,05/04/2025 13:58:31,Bladder,1,13.471146583557129,0,0,0,0,0,0,0,False
my_unique_key,82902ae87cd4af8ade47d7f34530c82076045f11,05/04/2025 13:58:32,Bladder,1,13.75814437866211,0,0,0,0,1,1,1,False
my_unique_key,82902ae87cd4af8ade47d7f34530c82076045f11,05/04/2025 13:58:32,Bladder,1,14.455663681030273,0,0,1,0,1,1,1,False
my_unique_key,82902ae87cd4af8ade47d7f34530c82076045f11,05/04/2025 13:58:33,Bladder,1,15.001012802124023,0,0,1,0,1,1,1,False
my_unique_key,82902ae87cd4af8ade47d7f34530c82076045f11,05/04/2025 14:04:54,BigToe,1,4.942127704620361,0,0,0,0,1,1,0,False
my_unique_key,82902ae87cd4af8ade47d7f34530c82076045f11,05/04/2025 14:04:54,BigToe,1,5.228837013244629,0,0,0,0,1,1,0,False
my_unique_key,82902ae87cd4af8ade47d7f34530c82076045f11,05/04/2025 14:04:56,BigToe,1,6.833644390106201,0,0,1,0,1,1,6,False
my_unique_key,82902ae87cd4af8ade47d7f34530c82076045f11,05/04/2025 14:05:04,BigToe,1,15.000646591186523,0,0,1,0,1,1,6,False
my_unique_key,82902ae87cd4af8ade47d7f34530c82076045f11,05/04/2025 14:05:05,BigToe,1,16.021347045898438,0,1,1,0,1,1,6,False
my_unique_key,82902ae87cd4af8ade47d7f34530c82076045f11,05/04/2025 14:07:30,EyeBall,1,2.0600225925445557,0,0,0,0,1,1,0,False
my_unique_key,82902ae87cd4af8ade47d7f34530c82076045f11,05/04/2025 14:07:31,EyeBall,1,3.103632926940918,0,0,0,0,2,2,0,False
my_unique_key,82902ae87cd4af8ade47d7f34530c82076045f11,05/04/2025 14:07:39,BigToe,1,1.0008553266525269,0,0,0,0,1,1,0,False
my_unique_key,82902ae87cd4af8ade47d7f34530c82076045f11,05/04/2025 14:07:40,BigToe,1,1.9688987731933594,0,0,0,0,2,2,0,False
my_unique_key,82902ae87cd4af8ade47d7f34530c82076045f11,05/04/2025 14:07:41,BigToe,1,2.733957529067993,0,0,0,0,3,3,0,False
my_unique_key,82902ae87cd4af8ade47d7f34530c82076045f11,05/04/2025 14:07:41,BigToe,1,3.461078405380249,0,0,0,0,4,4,0,False
my_unique_key,82902ae87cd4af8ade47d7f34530c82076045f11,05/04/2025 14:07:45,BigToe,1,7.4592437744140625,0,0,0,0,5,5,0,False
my_unique_key,82902ae87cd4af8ade47d7f34530c82076045f11,05/04/2025 14:07:46,BigToe,1,8.54010009765625,0,0,0,0,5,5,0,False
my_unique_key,82902ae87cd4af8ade47d7f34530c82076045f11,05/04/2025 14:07:47,BigToe,1,8.631799697875977,0,0,0,0,5,5,6,False
my_unique_key,82902ae87cd4af8ade47d7f34530c82076045f11,05/04/2025 14:07:47,BigToe,1,9.084138870239258,0,0,1,0,5,5,12,False
my_unique_key,82902ae87cd4af8ade47d7f34530c82076045f11,05/04/2025 14:07:53,BigToe,1,15.000609397888184,0,0,1,0,5,5,12,False
my_unique_key,82902ae87cd4af8ade47d7f34530c82076045f11,05/04/2025 14:07:55,BigToe,1,17.306047439575195,0,1,1,0,5,5,12,False
my_unique_key,82902ae87cd4af8ade47d7f34530c82076045f11,05/04/2025 14:08:04,Bladder,1,1.2274166345596313,0,0,0,0,1,1,0,False
my_unique_key,82902ae87cd4af8ade47d7f34530c82076045f11,05/04/2025 14:08:05,Bladder,1,2.465402364730835,0,0,0,0,2,2,0,False
my_unique_key,82902ae87cd4af8ade47d7f34530c82076045f11,05/04/2025 14:08:15,Bladder,1,12.23811149597168,0,0,0,0,2,2,0,False
my_unique_key,82902ae87cd4af8ade47d7f34530c82076045f11,05/04/2025 14:08:15,Bladder,1,12.23811149597168,0,0,0,0,2,2,0,False
my_unique_key,82902ae87cd4af8ade47d7f34530c82076045f11,05/04/2025 14:08:17,Bladder,1,13.940410614013672,0,0,0,0,3,3,1,False
my_unique_key,82902ae87cd4af8ade47d7f34530c82076045f11,05/04/2025 14:08:18,Bladder,1,15.000066757202148,0,0,0,0,3,3,1,False
my_unique_key,82902ae87cd4af8ade47d7f34530c82076045f11,05/04/2025 14:08:18,Bladder,1,15.597344398498535,0,0,0,0,4,4,1,False
my_unique_key,82902ae87cd4af8ade47d7f34530c82076045f11,05/04/2025 14:08:25,Bladder,1,22.1528263092041,0,0,0,0,5,5,1,False
my_unique_key,82902ae87cd4af8ade47d7f34530c82076045f11,05/04/2025 14:08:26,Bladder,1,23.16459083557129,0,0,0,0,6,6,1,False
my_unique_key,82902ae87cd4af8ade47d7f34530c82076045f11,05/04/2025 14:08:28,Bladder,1,25.093713760375977,0,0,0,0,6,6,1,False
my_unique_key,82902ae87cd4af8ade47d7f34530c82076045f11,05/04/2025 14:08:33,Bladder,1,30.000709533691406,0,0,0,0,6,6,2,False
my_unique_key,82902ae87cd4af8ade47d7f34530c82076045f11,05/04/2025 14:08:48,Bladder,1,45.001007080078125,0,0,0,0,6,6,2,False
my_unique_key,82902ae87cd4af8ade47d7f34530c82076045f11,05/04/2025 15:17:39,Bladder,2,8.5903959274292,0,0,0,0,0,0,0,False
my_unique_key,82902ae87cd4af8ade47d7f34530c82076045f11,05/04/2025 15:19:45,Arteries,1,15.001012802124023,0,0,0,0,0,0,0,False
my_unique_key,82902ae87cd4af8ade47d7f34530c82076045f11,05/04/2025 15:19:48,Arteries,2,17.725872039794922,0,0,0,0,0,0,0,False
my_unique_key,82902ae87cd4af8ade47d7f34530c82076045f11,05/04/2025 15:20:03,Arteries,2,15.00023078918457,0,0,0,0,0,0,0,False
my_unique_key,82902ae87cd4af8ade47d7f34530c82076045f11,05/04/2025 15:20:05,Arteries,3,17.130979537963867,0,0,0,0,0,0,0,False
